{"type":"FeatureCollection","features":[{"type":"Feature","properties":{"name":"Lago Gatún","name_ja":"ガトゥン湖","source":"OpenStreetMap relation/1410768 (ODbL)"},"geometry":{"type":"MultiPolygon","coordinates":[[[[-79.77115,9.11631],[-79.7735,9.11821],[-79.77477,9.11717],[-79.77556,9.11809],[-79.77511,9.1192],[-79.77398,9.11844],[-79.77557,9.11987],[-79.77522,9.12061],[-79.77238,9.11985],[-79.77354,9.12167],[-79.7723,9.1222],[-79.77192,9.12412],[-79.77346,9.12312],[-79.77519,9.12378],[-79.77644,9.12141],[-79.7778,9.12204],[-79.77867,9.12504],[-79.77719,9.12456],[-79.77749,9.12619],[-79.77478,9.1257],[-79.77889,9.12736],[-79.77931,9.1289],[-79.78118,9.13026],[-79.78062,9.12728],[-79.78287,9.12798],[-79.78191,9.12699],[-79.78238,9.12599],[-79.78045,9.12429],[-79.78324,9.12272],[-79.78416,9.12387],[-79.7842,9.12669],[-79.78504,9.12714],[-79.78461,9.129],[-79.7855,9.12947],[-79.78549,9.12819],[-79.78631,9.12815],[-79.78598,9.12976],[-79.78673,9.13028],[-79.78587,9.13163],[-79.78483,9.13084],[-79.78533,9.13329],[-79.78448,9.13453],[-79.78134,9.1334],[-79.78055,9.13511],[-79.78414,9.13492],[-79.78387,9.1361],[-79.78235,9.13614],[-79.7844,9.13659],[-79.78351,9.13797],[-79.78363,9.14074],[-79.77954,9.14009],[-79.77813,9.14103],[-79.77834,9.14362],[-79.77994,9.14508],[-79.77954,9.14718],[-79.78114,9.14819],[-79.77961,9.1463],[-79.78069,9.14506],[-79.7802,9.14355],[-79.78157,9.14132],[-79.78294,9.14186],[-79.78458,9.14078],[-79.78447,9.14203],[-79.78517,9.1417],[-79.78456,9.13985],[-79.78645,9.13813],[-79.78692,9.13581],[-79.78811,9.13604],[-79.78747,9.13674],[-79.78836,9.13673],[-79.78836,9.13764],[-79.78945,9.1363],[-79.79094,9.1365],[-79.79067,9.1397],[-79.79126,9.13834],[-79.79328,9.13744],[-79.79462,9.13712],[-79.79467,9.138],[-79.79646,9.13729],[-79.79683,9.13856],[-79.79574,9.13955],[-79.79657,9.14011],[-79.79572,9.14099],[-79.79653,9.14289],[-79.79498,9.14133],[-79.79419,9.14232],[-79.79319,9.14191],[-79.7931,9.14474],[-79.79176,9.14431],[-79.7919,9.14506],[-79.78957,9.14592],[-79.79019,9.14615],[-79.78952,9.14667],[-79.79135,9.14553],[-79.79223,9.14705],[-79.79327,9.14621],[-79.79337,9.14709],[-79.79449,9.14566],[-79.79546,9.14593],[-79.7954,9.14745],[-79.79425,9.14831],[-79.79558,9.14782],[-79.79623,9.14903],[-79.7943,9.15108],[-79.79476,9.15243],[-79.79225,9.15243],[-79.79251,9.15371],[-79.79092,9.15364],[-79.79088,9.15488],[-79.79347,9.15288],[-79.79494,9.15384],[-79.79545,9.15479],[-79.7917,9.15604],[-79.79252,9.15667],[-79.79366,9.15568],[-79.79373,9.15816],[-79.79442,9.15666],[-79.79463,9.15797],[-79.79561,9.15702],[-79.79621,9.16],[-79.79692,9.15954],[-79.79773,9.1604],[-79.79879,9.16028],[-79.79958,9.15638],[-79.80081,9.15725],[-79.80013,9.15866],[-79.80216,9.15845],[-79.80272,9.16008],[-79.80549,9.15831],[-79.80622,9.16009],[-79.8055,9.16213],[-79.80654,9.163],[-79.80412,9.16517],[-79.80504,9.16625],[-79.80367,9.16816],[-79.80289,9.16604],[-79.80206,9.16668],[-79.80101,9.16588],[-79.80017,9.16321],[-79.79929,9.16617],[-79.79786,9.16221],[-79.79741,9.16461],[-79.79316,9.16357],[-79.79198,9.16421],[-79.79383,9.16418],[-79.79521,9.16581],[-79.7951,9.16654],[-79.79385,9.16624],[-79.79457,9.16742],[-79.79697,9.16774],[-79.79513,9.17097],[-79.79328,9.16904],[-79.79405,9.17198],[-79.79541,9.17266],[-79.79687,9.17177],[-79.79797,9.17217],[-79.79733,9.17079],[-79.79935,9.16854],[-79.80226,9.1723],[-79.80348,9.17027],[-79.80334,9.17204],[-79.80551,9.17411],[-79.8051,9.17566],[-79.80625,9.17487],[-79.80623,9.17713],[-79.80349,9.17672],[-79.80386,9.17766],[-79.80176,9.1779],[-79.80281,9.17856],[-79.80187,9.17955],[-79.80505,9.18374],[-79.80585,9.18683],[-79.80633,9.18636],[-79.80611,9.18895],[-79.80803,9.18607],[-79.80904,9.18686],[-79.81031,9.18642],[-79.8107,9.18727],[-79.81229,9.18609],[-79.81291,9.18671],[-79.81444,9.18438],[-79.81488,9.18613],[-79.81374,9.18888],[-79.8153,9.18844],[-79.81592,9.18999],[-79.81784,9.18831],[-79.81808,9.18661],[-79.81946,9.18816],[-79.8198,9.18575],[-79.82106,9.18605],[-79.82113,9.18721],[-79.82249,9.18534],[-79.8229,9.18721],[-79.8237,9.18721],[-79.82497,9.18525],[-79.82306,9.18445],[-79.82333,9.1833],[-79.8209,9.18291],[-79.82112,9.18195],[-79.82277,9.18224],[-79.82429,9.18104],[-79.82461,9.1824],[-79.82552,9.18128],[-79.82624,9.18183],[-79.82655,9.18063],[-79.82751,9.18181],[-79.82852,9.1811],[-79.82744,9.17979],[-79.8287,9.17854],[-79.83001,9.17919],[-79.83348,9.17869],[-79.83291,9.18031],[-79.82951,9.18049],[-79.83018,9.18204],[-79.82892,9.18332],[-79.82896,9.18501],[-79.82787,9.18501],[-79.82842,9.18713],[-79.82777,9.18829],[-79.82666,9.18571],[-79.82077,9.18948],[-79.8208,9.19076],[-79.81921,9.19209],[-79.81836,9.19168],[-79.81873,9.19038],[-79.81749,9.19208],[-79.81566,9.19179],[-79.81752,9.19516],[-79.81864,9.19522],[-79.81741,9.19586],[-79.81775,9.19687],[-79.81643,9.19512],[-79.81503,9.19721],[-79.81439,9.19613],[-79.81384,9.19711],[-79.81265,9.19527],[-79.81198,9.19609],[-79.81119,9.19495],[-79.80941,9.19565],[-79.80701,9.19385],[-79.80963,9.19663],[-79.80792,9.19668],[-79.80808,9.20172],[-79.80946,9.20125],[-79.80881,9.20355],[-79.81235,9.20778],[-79.81499,9.20866],[-79.81456,9.20775],[-79.8152,9.20762],[-79.81753,9.20887],[-79.81718,9.2075],[-79.81584,9.20694],[-79.81684,9.20552],[-79.81458,9.20686],[-79.81338,9.20635],[-79.8132,9.20509],[-79.81382,9.20383],[-79.81587,9.20456],[-79.81714,9.20329],[-79.81517,9.2024],[-79.81478,9.20116],[-79.81663,9.20139],[-79.81504,9.20023],[-79.81646,9.20016],[-79.81652,9.19804],[-79.81742,9.19764],[-79.81734,9.19982],[-79.81841,9.20025],[-79.81825,9.20137],[-79.81941,9.20152],[-79.81812,9.19815],[-79.81866,9.19694],[-79.81967,9.19759],[-79.81913,9.19663],[-79.8203,9.19663],[-79.82022,9.19494],[-79.82136,9.1941],[-79.82397,9.19518],[-79.8226,9.19791],[-79.8246,9.19716],[-79.82526,9.19871],[-79.82549,9.19792],[-79.82738,9.19779],[-79.82947,9.19925],[-79.82959,9.20042],[-79.82957,9.19913],[-79.82832,9.19836],[-79.82942,9.19754],[-79.82478,9.19649],[-79.82573,9.19499],[-79.82509,9.19294],[-79.82715,9.1946],[-79.82623,9.19349],[-79.82661,9.19237],[-79.83002,9.19213],[-79.8292,9.19319],[-79.83034,9.19539],[-79.834,9.19491],[-79.83432,9.19342],[-79.8352,9.19332],[-79.83527,9.1954],[-79.83649,9.19485],[-79.83662,9.19359],[-79.83784,9.19357],[-79.83659,9.19131],[-79.83764,9.19021],[-79.83907,9.19132],[-79.83968,9.18967],[-79.84222,9.18999],[-79.84265,9.18848],[-79.84414,9.18912],[-79.84501,9.18832],[-79.84533,9.18927],[-79.84696,9.18931],[-79.84681,9.19108],[-79.84519,9.19223],[-79.84315,9.19111],[-79.84245,9.19214],[-79.84381,9.19404],[-79.84591,9.19424],[-79.84514,9.19478],[-79.84549,9.19596],[-79.84648,9.19418],[-79.84557,9.19369],[-79.84598,9.19276],[-79.85035,9.19213],[-79.84968,9.1886],[-79.85083,9.18768],[-79.85132,9.1888],[-79.85192,9.18676],[-79.85375,9.18574],[-79.85473,9.18646],[-79.85595,9.18503],[-79.85901,9.18587],[-79.85938,9.18747],[-79.85841,9.18764],[-79.85906,9.19064],[-79.85805,9.19193],[-79.8565,9.19126],[-79.855,9.19207],[-79.85505,9.19108],[-79.85406,9.1913],[-79.85319,9.18958],[-79.85442,9.19249],[-79.85635,9.1932],[-79.85575,9.1957],[-79.85395,9.19497],[-79.85608,9.19826],[-79.85451,9.20043],[-79.85252,9.20163],[-79.85082,9.19903],[-79.85117,9.20258],[-79.84533,9.20293],[-79.84581,9.20396],[-79.84492,9.20471],[-79.84313,9.20369],[-79.84383,9.20505],[-79.84174,9.20557],[-79.84127,9.20729],[-79.83895,9.20551],[-79.83818,9.20601],[-79.8396,9.20807],[-79.83805,9.20748],[-79.83781,9.20879],[-79.83732,9.20623],[-79.83641,9.20665],[-79.83651,9.20941],[-79.83525,9.20923],[-79.83526,9.2078],[-79.83462,9.2082],[-79.83488,9.21084],[-79.83291,9.20817],[-79.83358,9.2066],[-79.8308,9.20672],[-79.8322,9.20794],[-79.83028,9.20837],[-79.83239,9.20857],[-79.8316,9.20949],[-79.83296,9.21191],[-79.83096,9.21284],[-79.83093,9.20963],[-79.82951,9.21206],[-79.82796,9.21021],[-79.82888,9.2124],[-79.82786,9.21253],[-79.82926,9.21378],[-79.82789,9.215],[-79.82756,9.21299],[-79.8259,9.21239],[-79.82602,9.21391],[-79.82305,9.21153],[-79.82676,9.22201],[-79.82979,9.22373],[-79.83137,9.22319],[-79.83218,9.22483],[-79.83282,9.22295],[-79.8318,9.2223],[-79.83352,9.22088],[-79.83416,9.22167],[-79.83318,9.22468],[-79.83485,9.22414],[-79.83604,9.21972],[-79.83788,9.22048],[-79.83775,9.22142],[-79.83954,9.21981],[-79.84,9.22293],[-79.83872,9.22456],[-79.83698,9.22421],[-79.83835,9.22507],[-79.83715,9.22709],[-79.8391,9.22619],[-79.83828,9.22781],[-79.84053,9.22835],[-79.83964,9.22943],[-79.84074,9.23053],[-79.843,9.22909],[-79.84224,9.2299],[-79.844,9.23037],[-79.84392,9.23161],[-79.84254,9.23239],[-79.8443,9.234],[-79.84455,9.23288],[-79.84625,9.23307],[-79.84667,9.23388],[-79.84539,9.23455],[-79.84599,9.23561],[-79.84725,9.23474],[-79.84846,9.23562],[-79.84909,9.23447],[-79.84775,9.23319],[-79.84853,9.23223],[-79.8499,9.23399],[-79.85144,9.23181],[-79.85292,9.23149],[-79.85262,9.23063],[-79.85513,9.23058],[-79.85753,9.22747],[-79.85498,9.22837],[-79.85396,9.22639],[-79.85452,9.22502],[-79.85281,9.22523],[-79.85258,9.22664],[-79.85127,9.2254],[-79.8522,9.22385],[-79.85307,9.22427],[-79.85274,9.22318],[-79.84793,9.22302],[-79.84854,9.22202],[-79.85159,9.22289],[-79.85249,9.2213],[-79.84789,9.22118],[-79.84825,9.21953],[-79.84997,9.21988],[-79.84929,9.21734],[-79.85029,9.21709],[-79.84967,9.2161],[-79.85054,9.21396],[-79.85152,9.21272],[-79.85172,9.21427],[-79.85292,9.21383],[-79.85154,9.21022],[-79.85248,9.21027],[-79.85336,9.20804],[-79.85319,9.20963],[-79.85449,9.2104],[-79.85427,9.20909],[-79.85617,9.20955],[-79.85662,9.21137],[-79.8578,9.21157],[-79.85658,9.2089],[-79.85488,9.20841],[-79.85491,9.20738],[-79.85735,9.20787],[-79.85836,9.21019],[-79.85856,9.20815],[-79.85938,9.2084],[-79.85977,9.20685],[-79.8609,9.20709],[-79.86132,9.20616],[-79.85926,9.21189],[-79.86029,9.21176],[-79.86148,9.21309],[-79.86042,9.2103],[-79.86226,9.21008],[-79.8622,9.20899],[-79.86386,9.21035],[-79.8629,9.20787],[-79.86446,9.20717],[-79.8667,9.20883],[-79.86385,9.20532],[-79.86616,9.20235],[-79.86723,9.20187],[-79.86836,9.20343],[-79.86701,9.20375],[-79.86758,9.20519],[-79.86797,9.2043],[-79.86922,9.20509],[-79.86945,9.20761],[-79.86742,9.21449],[-79.86944,9.21511],[-79.86854,9.21684],[-79.86961,9.21789],[-79.86747,9.22322],[-79.87144,9.22414],[-79.87268,9.22579],[-79.87252,9.22909],[-79.87141,9.22963],[-79.87085,9.23169],[-79.87368,9.23447],[-79.87336,9.23859],[-79.87226,9.23835],[-79.87311,9.23942],[-79.87227,9.23992],[-79.87139,9.23821],[-79.87184,9.23726],[-79.87105,9.23653],[-79.87213,9.23513],[-79.87052,9.23599],[-79.87006,9.23763],[-79.86951,9.23405],[-79.86749,9.23604],[-79.86715,9.23475],[-79.86828,9.23336],[-79.86694,9.23396],[-79.8666,9.23301],[-79.86615,9.234],[-79.86529,9.23204],[-79.86297,9.23138],[-79.86469,9.23336],[-79.86387,9.23447],[-79.86302,9.23419],[-79.8634,9.23552],[-79.86198,9.23567],[-79.86141,9.2345],[-79.8607,9.23526],[-79.86007,9.23471],[-79.8597,9.23256],[-79.85836,9.23346],[-79.85863,9.23067],[-79.8574,9.23216],[-79.85694,9.23082],[-79.85602,9.23105],[-79.85805,9.2352],[-79.85589,9.23458],[-79.85613,9.23607],[-79.8583,9.23699],[-79.85705,9.23856],[-79.85928,9.23805],[-79.8593,9.23884],[-79.85718,9.24001],[-79.858,9.24206],[-79.8554,9.24097],[-79.85606,9.2424],[-79.85424,9.24338],[-79.85666,9.24488],[-79.85664,9.24618],[-79.85763,9.24606],[-79.8574,9.24735],[-79.85453,9.24741],[-79.85398,9.24891],[-79.852,9.24498],[-79.8495,9.2432],[-79.8499,9.24079],[-79.84858,9.2384],[-79.84647,9.23715],[-79.84697,9.23936],[-79.84585,9.23854],[-79.84313,9.23328],[-79.84008,9.23115],[-79.83988,9.23225],[-79.83905,9.23181],[-79.83933,9.23021],[-79.83844,9.22891],[-79.83647,9.23078],[-79.83752,9.22842],[-79.83602,9.22713],[-79.83517,9.23004],[-79.83514,9.22893],[-79.83319,9.23054],[-79.83199,9.22969],[-79.8343,9.2312],[-79.83363,9.23229],[-79.83112,9.23269],[-79.83184,9.23123],[-79.83012,9.23139],[-79.82933,9.22992],[-79.82845,9.23225],[-79.82706,9.23117],[-79.82742,9.23403],[-79.82589,9.23303],[-79.82575,9.23419],[-79.82533,9.23359],[-79.82446,9.2343],[-79.82787,9.23455],[-79.82572,9.2363],[-79.82632,9.23743],[-79.82718,9.23724],[-79.82593,9.23822],[-79.82617,9.24007],[-79.82448,9.24026],[-79.82596,9.24093],[-79.82465,9.24167],[-79.82626,9.24192],[-79.82541,9.24196],[-79.8251,9.24338],[-79.82345,9.24324],[-79.82505,9.244],[-79.82466,9.24526],[-79.82338,9.24479],[-79.82431,9.2456],[-79.8239,9.24788],[-79.82126,9.24818],[-79.82281,9.24948],[-79.82357,9.2486],[-79.82387,9.24925],[-79.82432,9.24762],[-79.82505,9.24824],[-79.82621,9.24746],[-79.82524,9.24702],[-79.82534,9.24548],[-79.82671,9.24533],[-79.82624,9.24676],[-79.82725,9.2493],[-79.8285,9.24937],[-79.82872,9.25152],[-79.82692,9.25184],[-79.82796,9.25041],[-79.82616,9.25038],[-79.82569,9.24868],[-79.82498,9.2508],[-79.82634,9.25181],[-79.82491,9.25243],[-79.82376,9.25072],[-79.82324,9.25208],[-79.82197,9.25122],[-79.82262,9.25247],[-79.82104,9.25317],[-79.82202,9.25343],[-79.82203,9.25646],[-79.8192,9.25438],[-79.81621,9.24976],[-79.81781,9.24924],[-79.81681,9.24843],[-79.81968,9.24267],[-79.818,9.24338],[-79.81765,9.24633],[-79.81543,9.24645],[-79.81339,9.2485],[-79.81084,9.24484],[-79.81098,9.24102],[-79.80982,9.23972],[-79.80919,9.23637],[-79.80575,9.23274],[-79.80253,9.23402],[-79.80131,9.2328],[-79.80058,9.23417],[-79.802,9.2354],[-79.80035,9.23783],[-79.80376,9.23428],[-79.80528,9.2339],[-79.80654,9.23505],[-79.80847,9.24093],[-79.80835,9.24488],[-79.80697,9.2448],[-79.80681,9.24686],[-79.80522,9.24612],[-79.80441,9.24726],[-79.80554,9.24874],[-79.80426,9.24897],[-79.80459,9.24813],[-79.80226,9.24472],[-79.80318,9.24698],[-79.8019,9.24833],[-79.80246,9.24935],[-79.80162,9.2516],[-79.8029,9.25294],[-79.80248,9.2535],[-79.80136,9.25277],[-79.80169,9.25383],[-79.80025,9.2544],[-79.79912,9.2541],[-79.79859,9.25224],[-79.79594,9.25396],[-79.79402,9.25275],[-79.79236,9.25323],[-79.79141,9.25186],[-79.79009,9.25262],[-79.78896,9.2508],[-79.78951,9.2499],[-79.78854,9.24945],[-79.78863,9.25094],[-79.78722,9.25169],[-79.78831,9.25228],[-79.78716,9.25455],[-79.78491,9.25438],[-79.78449,9.25049],[-79.78043,9.25031],[-79.77942,9.25153],[-79.775,9.25125],[-79.77482,9.25357],[-79.77814,9.25319],[-79.77943,9.25476],[-79.77714,9.25601],[-79.77712,9.25859],[-79.77511,9.26039],[-79.77522,9.26196],[-79.7763,9.26328],[-79.77772,9.2627],[-79.77998,9.26356],[-79.77979,9.26503],[-79.78287,9.26537],[-79.78638,9.26365],[-79.79159,9.26304],[-79.79717,9.25739],[-79.79772,9.25817],[-79.79608,9.26098],[-79.80131,9.25847],[-79.802,9.25917],[-79.80218,9.25813],[-79.80477,9.25665],[-79.80532,9.25832],[-79.80432,9.26071],[-79.80583,9.25919],[-79.8058,9.25715],[-79.80683,9.25763],[-79.80929,9.25551],[-79.80757,9.25733],[-79.80865,9.25871],[-79.80873,9.25711],[-79.81031,9.2555],[-79.81088,9.25689],[-79.81067,9.2546],[-79.81204,9.25504],[-79.81261,9.25381],[-79.81328,9.25466],[-79.81449,9.25179],[-79.81502,9.25243],[-79.81432,9.25307],[-79.81573,9.25303],[-79.81614,9.25399],[-79.81463,9.25404],[-79.81502,9.25495],[-79.8135,9.2566],[-79.81685,9.25505],[-79.81728,9.25625],[-79.81651,9.25706],[-79.81782,9.25712],[-79.81786,9.25799],[-79.81442,9.25808],[-79.81652,9.25904],[-79.81618,9.26],[-79.8152,9.25922],[-79.81371,9.25995],[-79.81421,9.26153],[-79.81341,9.2632],[-79.81554,9.26214],[-79.81456,9.26073],[-79.81663,9.26104],[-79.81741,9.25884],[-79.81921,9.26024],[-79.81837,9.26112],[-79.82028,9.26045],[-79.82264,9.26237],[-79.82216,9.26298],[-79.81876,9.26212],[-79.8222,9.26393],[-79.82137,9.26544],[-79.82084,9.26453],[-79.8204,9.26502],[-79.82122,9.26639],[-79.82216,9.26622],[-79.82199,9.26762],[-79.82057,9.26804],[-79.82093,9.2667],[-79.81975,9.26717],[-79.81857,9.26431],[-79.81772,9.26511],[-79.81743,9.2629],[-79.81599,9.26292],[-79.81711,9.26353],[-79.81703,9.26553],[-79.81569,9.26578],[-79.81442,9.26464],[-79.81638,9.26622],[-79.81781,9.26572],[-79.81772,9.26699],[-79.81869,9.26669],[-79.81894,9.26919],[-79.81761,9.26862],[-79.8184,9.27034],[-79.81689,9.2699],[-79.81619,9.26729],[-79.81601,9.26861],[-79.81474,9.26896],[-79.81576,9.26928],[-79.81621,9.27094],[-79.81388,9.2704],[-79.81248,9.2666],[-79.81282,9.27024],[-79.81411,9.27134],[-79.81155,9.27114],[-79.81274,9.27229],[-79.81206,9.27288],[-79.81575,9.27243],[-79.81561,9.27397],[-79.81355,9.27551],[-79.81546,9.27484],[-79.81654,9.27318],[-79.81805,9.27367],[-79.81793,9.27267],[-79.81962,9.2728],[-79.81916,9.27353],[-79.82052,9.27404],[-79.82042,9.27535],[-79.81868,9.27383],[-79.81602,9.27548],[-79.81615,9.27673],[-79.81264,9.27709],[-79.81605,9.2769],[-79.81424,9.27813],[-79.81457,9.27906],[-79.81649,9.27661],[-79.81908,9.27711],[-79.81923,9.27798],[-79.81747,9.27825],[-79.81881,9.27836],[-79.81793,9.28205],[-79.81977,9.27686],[-79.82135,9.27696],[-79.82081,9.27889],[-79.81978,9.27919],[-79.81959,9.28252],[-79.8205,9.28073],[-79.82127,9.28236],[-79.82058,9.2837],[-79.82417,9.2833],[-79.82579,9.28591],[-79.82324,9.28598],[-79.82377,9.28425],[-79.82211,9.28589],[-79.82186,9.28405],[-79.82087,9.2842],[-79.82046,9.28665],[-79.82198,9.28716],[-79.82025,9.2874],[-79.819,9.2863],[-79.81997,9.28858],[-79.81822,9.28836],[-79.81856,9.28911],[-79.81734,9.28965],[-79.82005,9.28997],[-79.81984,9.29146],[-79.81768,9.29152],[-79.81668,9.29274],[-79.81798,9.29187],[-79.82095,9.29208],[-79.82023,9.28967],[-79.8213,9.28855],[-79.82087,9.29008],[-79.82243,9.29295],[-79.82144,9.29391],[-79.82295,9.29398],[-79.82259,9.29602],[-79.82327,9.29451],[-79.82536,9.29493],[-79.82279,9.29343],[-79.82344,9.29269],[-79.8223,9.29182],[-79.82293,9.29074],[-79.82195,9.28996],[-79.8223,9.28838],[-79.82338,9.28758],[-79.82328,9.2892],[-79.82423,9.28825],[-79.82423,9.29018],[-79.82454,9.28763],[-79.82546,9.2879],[-79.82497,9.29092],[-79.8262,9.29161],[-79.82607,9.29284],[-79.82596,9.29048],[-79.8277,9.28903],[-79.8267,9.29314],[-79.82723,9.29453],[-79.82623,9.29498],[-79.82621,9.29823],[-79.82738,9.29903],[-79.82628,9.29931],[-79.82607,9.3017],[-79.82476,9.30262],[-79.82515,9.30415],[-79.82431,9.30406],[-79.82427,9.30258],[-79.82294,9.30302],[-79.82187,9.30518],[-79.8229,9.30488],[-79.82341,9.306],[-79.82096,9.30535],[-79.82315,9.30201],[-79.82554,9.30072],[-79.82461,9.29984],[-79.82334,9.3009],[-79.8243,9.29843],[-79.82306,9.299],[-79.8221,9.30137],[-79.82112,9.30028],[-79.82171,9.3027],[-79.8212,9.30161],[-79.81988,9.30223],[-79.82063,9.30409],[-79.81878,9.30306],[-79.81999,9.30448],[-79.81981,9.30654],[-79.81856,9.30615],[-79.81848,9.30458],[-79.81595,9.30464],[-79.81798,9.3066],[-79.81695,9.30917],[-79.81788,9.30726],[-79.81885,9.30744],[-79.81822,9.3081],[-79.8191,9.30873],[-79.82071,9.30808],[-79.82257,9.309],[-79.82033,9.30864],[-79.8183,9.30997],[-79.81933,9.31016],[-79.81851,9.31296],[-79.82054,9.31248],[-79.82043,9.31386],[-79.81907,9.31396],[-79.81744,9.31572],[-79.81792,9.31839],[-79.81655,9.31788],[-79.81735,9.31667],[-79.81592,9.3167],[-79.81771,9.31433],[-79.81619,9.31466],[-79.81608,9.31317],[-79.8149,9.31768],[-79.81392,9.31441],[-79.81198,9.3142],[-79.81334,9.31626],[-79.81229,9.31722],[-79.80948,9.31572],[-79.80999,9.31778],[-79.80762,9.31894],[-79.80712,9.3157],[-79.80664,9.31684],[-79.80519,9.31641],[-79.80438,9.31762],[-79.80648,9.31732],[-79.80694,9.31825],[-79.80554,9.32407],[-79.80702,9.32015],[-79.80849,9.32016],[-79.80827,9.32254],[-79.809,9.3201],[-79.8101,9.32047],[-79.81059,9.32235],[-79.8109,9.32042],[-79.81228,9.32049],[-79.81229,9.32151],[-79.81392,9.3194],[-79.81406,9.32014],[-79.81487,9.31954],[-79.81552,9.3213],[-79.81271,9.32254],[-79.81311,9.32334],[-79.81491,9.3231],[-79.81291,9.32507],[-79.81162,9.32416],[-79.81167,9.32651],[-79.80992,9.32573],[-79.80952,9.32812],[-79.80823,9.32531],[-79.80819,9.32703],[-79.80729,9.32639],[-79.80728,9.32731],[-79.80621,9.32725],[-79.80835,9.32767],[-79.80757,9.32926],[-79.80923,9.3293],[-79.80901,9.33182],[-79.81034,9.33416],[-79.8124,9.33522],[-79.81225,9.3369],[-79.81288,9.33689],[-79.81285,9.33468],[-79.81431,9.33636],[-79.81399,9.33718],[-79.81472,9.3361],[-79.81501,9.338],[-79.81598,9.33733],[-79.8148,9.33936],[-79.81602,9.3391],[-79.81698,9.33662],[-79.81541,9.33665],[-79.81654,9.3358],[-79.81486,9.33591],[-79.81383,9.33438],[-79.81625,9.33435],[-79.81255,9.33371],[-79.81248,9.33275],[-79.81092,9.33336],[-79.80967,9.33167],[-79.8107,9.33153],[-79.80994,9.33085],[-79.81091,9.33063],[-79.81125,9.3275],[-79.8129,9.3289],[-79.81307,9.33117],[-79.81361,9.33016],[-79.81496,9.33248],[-79.81526,9.33162],[-79.81681,9.3321],[-79.81394,9.32968],[-79.81342,9.32801],[-79.81842,9.33115],[-79.81878,9.33039],[-79.81715,9.32955],[-79.81784,9.32885],[-79.8151,9.32786],[-79.81587,9.32584],[-79.81695,9.32785],[-79.81951,9.32955],[-79.81959,9.32855],[-79.821,9.32931],[-79.82141,9.32787],[-79.82566,9.32989],[-79.82395,9.33176],[-79.82118,9.32964],[-79.81951,9.33083],[-79.81905,9.33288],[-79.82074,9.33217],[-79.82149,9.33282],[-79.81994,9.33422],[-79.81887,9.33354],[-79.81903,9.33617],[-79.82162,9.33456],[-79.82193,9.33587],[-79.82293,9.33478],[-79.82358,9.3353],[-79.82213,9.33873],[-79.82009,9.33804],[-79.8193,9.33865],[-79.82217,9.33971],[-79.82477,9.3352],[-79.82688,9.33667],[-79.82673,9.33564],[-79.82894,9.33387],[-79.82819,9.33668],[-79.83017,9.33403],[-79.83143,9.33393],[-79.83015,9.33633],[-79.83099,9.33779],[-79.82935,9.33785],[-79.8289,9.33879],[-79.82741,9.33783],[-79.82672,9.33879],[-79.82548,9.3384],[-79.82593,9.33901],[-79.8249,9.34036],[-79.82313,9.34071],[-79.82166,9.34277],[-79.8191,9.34031],[-79.82011,9.34194],[-79.81909,9.3424],[-79.821,9.34339],[-79.82051,9.34442],[-79.82556,9.34176],[-79.8224,9.34469],[-79.82323,9.34542],[-79.82537,9.34383],[-79.82427,9.34539],[-79.82488,9.34561],[-79.82674,9.34434],[-79.82645,9.34256],[-79.8281,9.34245],[-79.82857,9.34132],[-79.83041,9.34076],[-79.83048,9.33976],[-79.83235,9.34001],[-79.83284,9.33605],[-79.8338,9.33478],[-79.83611,9.33416],[-79.83629,9.3326],[-79.8346,9.33207],[-79.83674,9.33195],[-79.83656,9.3287],[-79.83523,9.32694],[-79.83743,9.32336],[-79.83972,9.32433],[-79.84218,9.32127],[-79.84347,9.32118],[-79.84352,9.32244],[-79.84528,9.32157],[-79.84546,9.32257],[-79.8424,9.32496],[-79.84537,9.32392],[-79.84564,9.3249],[-79.84248,9.32582],[-79.84374,9.32696],[-79.84181,9.32806],[-79.83881,9.32669],[-79.83841,9.32762],[-79.83963,9.3288],[-79.83827,9.33001],[-79.83913,9.33115],[-79.84097,9.32935],[-79.84366,9.32901],[-79.84388,9.32977],[-79.84195,9.33078],[-79.84246,9.33307],[-79.84325,9.33076],[-79.84387,9.33141],[-79.84521,9.33081],[-79.84568,9.32774],[-79.84674,9.32884],[-79.84636,9.33229],[-79.84722,9.33325],[-79.84796,9.33056],[-79.84891,9.33065],[-79.84923,9.3297],[-79.84827,9.32822],[-79.84936,9.32796],[-79.84865,9.32526],[-79.84963,9.32448],[-79.84849,9.32302],[-79.85067,9.32305],[-79.85137,9.3223],[-79.85088,9.32097],[-79.85291,9.3211],[-79.85395,9.31962],[-79.85423,9.32172],[-79.85484,9.3214],[-79.85529,9.31852],[-79.8569,9.31795],[-79.85526,9.31612],[-79.85885,9.31414],[-79.85888,9.30983],[-79.86049,9.31073],[-79.86024,9.30928],[-79.86136,9.30908],[-79.86215,9.31171],[-79.86279,9.31138],[-79.86297,9.3092],[-79.86049,9.30535],[-79.86328,9.30731],[-79.86506,9.30649],[-79.86557,9.30923],[-79.86416,9.30884],[-79.86509,9.31243],[-79.86308,9.31465],[-79.86425,9.31438],[-79.86343,9.31824],[-79.86592,9.3139],[-79.8674,9.315],[-79.86544,9.31912],[-79.86739,9.3184],[-79.8677,9.31639],[-79.86956,9.31496],[-79.86984,9.31353],[-79.86853,9.31317],[-79.86718,9.31117],[-79.86745,9.31009],[-79.86945,9.30971],[-79.87036,9.31218],[-79.87088,9.31027],[-79.87308,9.31179],[-79.87366,9.31006],[-79.87076,9.30856],[-79.87272,9.30733],[-79.87179,9.30472],[-79.87066,9.30464],[-79.86968,9.30274],[-79.87101,9.30223],[-79.87306,9.30532],[-79.87329,9.30293],[-79.87618,9.30379],[-79.87631,9.30278],[-79.87522,9.30239],[-79.87538,9.2997],[-79.87337,9.30098],[-79.8728,9.3005],[-79.87359,9.29915],[-79.87207,9.29958],[-79.87164,9.29725],[-79.86904,9.29912],[-79.86904,9.29757],[-79.8678,9.29645],[-79.86897,9.29636],[-79.86928,9.2949],[-79.8718,9.29651],[-79.87159,9.29526],[-79.8728,9.29361],[-79.87073,9.29137],[-79.87257,9.29252],[-79.87372,9.29182],[-79.87538,9.29339],[-79.87445,9.29394],[-79.87561,9.29564],[-79.87687,9.29532],[-79.87716,9.29416],[-79.87885,9.29451],[-79.87797,9.29198],[-79.87969,9.29111],[-79.87845,9.29013],[-79.87695,9.29041],[-79.87856,9.28895],[-79.8775,9.28849],[-79.87786,9.28663],[-79.87667,9.28628],[-79.87567,9.28884],[-79.87217,9.2857],[-79.87302,9.28408],[-79.87542,9.28586],[-79.8765,9.2846],[-79.87361,9.28383],[-79.86863,9.27989],[-79.86191,9.27221],[-79.86,9.26581],[-79.8584,9.26593],[-79.85964,9.26442],[-79.85893,9.26114],[-79.85693,9.26127],[-79.85607,9.26],[-79.85771,9.25887],[-79.85683,9.25726],[-79.85778,9.25683],[-79.85442,9.24964],[-79.85823,9.25719],[-79.85957,9.25786],[-79.86156,9.2564],[-79.86237,9.25707],[-79.86133,9.25766],[-79.86264,9.2576],[-79.86174,9.25939],[-79.86064,9.25921],[-79.85922,9.26092],[-79.86019,9.26541],[-79.86151,9.26495],[-79.86053,9.26653],[-79.8624,9.26551],[-79.86311,9.26604],[-79.86085,9.26845],[-79.86235,9.27252],[-79.86719,9.27761],[-79.86944,9.27726],[-79.87131,9.27848],[-79.87028,9.27886],[-79.87093,9.27983],[-79.87036,9.28068],[-79.87365,9.28368],[-79.87611,9.28438],[-79.87673,9.28349],[-79.88097,9.28454],[-79.88098,9.28364],[-79.88208,9.28337],[-79.88298,9.28428],[-79.88509,9.28265],[-79.88461,9.28118],[-79.88419,9.28213],[-79.88229,9.27948],[-79.88091,9.28145],[-79.87873,9.28119],[-79.87748,9.27989],[-79.87706,9.27773],[-79.87859,9.27416],[-79.88442,9.2735],[-79.8874,9.27142],[-79.88944,9.27115],[-79.89837,9.26324],[-79.90722,9.26221],[-79.90964,9.26274],[-79.91098,9.26408],[-79.91257,9.26223],[-79.9163,9.26129],[-79.92166,9.2683],[-79.92315,9.26803],[-79.92309,9.2673],[-79.92309,9.26918],[-79.92411,9.26509],[-79.92386,9.26928],[-79.92436,9.26748],[-79.92474,9.26823],[-79.92882,9.26331],[-79.9299,9.26356],[-79.93198,9.25826],[-79.93739,9.25709],[-79.94112,9.25955],[-79.94252,9.2594],[-79.94219,9.25541],[-79.94057,9.25358],[-79.94195,9.25341],[-79.94214,9.25091],[-79.94396,9.24964],[-79.94284,9.24726],[-79.94507,9.24747],[-79.94473,9.24519],[-79.94642,9.24578],[-79.94613,9.2443],[-79.94727,9.24362],[-79.94661,9.24167],[-79.94911,9.23703],[-79.94659,9.23699],[-79.94652,9.23858],[-79.94362,9.239],[-79.94254,9.24058],[-79.94215,9.23796],[-79.94379,9.23706],[-79.94228,9.23608],[-79.94164,9.23674],[-79.94281,9.23507],[-79.9422,9.23388],[-79.94525,9.2344],[-79.94462,9.23317],[-79.9459,9.23283],[-79.9444,9.23155],[-79.94302,9.23234],[-79.94344,9.23092],[-79.94143,9.23269],[-79.93876,9.23178],[-79.94028,9.22981],[-79.94112,9.23036],[-79.9425,9.22952],[-79.94291,9.22829],[-79.9454,9.22964],[-79.94416,9.22824],[-79.94504,9.22727],[-79.94701,9.22789],[-79.94637,9.22591],[-79.94503,9.22594],[-79.9469,9.22349],[-79.94528,9.22284],[-79.94768,9.22172],[-79.9469,9.22029],[-79.94879,9.21911],[-79.9504,9.21996],[-79.94995,9.21908],[-79.95108,9.2188],[-79.95103,9.2178],[-79.95257,9.21776],[-79.95234,9.21637],[-79.95386,9.21628],[-79.95306,9.21504],[-79.95425,9.21456],[-79.95511,9.21136],[-79.95691,9.21056],[-79.95569,9.20963],[-79.95672,9.20856],[-79.95596,9.20343],[-79.95777,9.20388],[-79.95719,9.20166],[-79.95955,9.20055],[-79.95849,9.19933],[-79.96005,9.19858],[-79.96064,9.19652],[-79.95836,9.19579],[-79.95929,9.19324],[-79.9575,9.1931],[-79.95746,9.1913],[-79.95564,9.1913],[-79.95473,9.19327],[-79.95361,9.19077],[-79.95509,9.18828],[-79.95788,9.18726],[-79.95751,9.18572],[-79.95845,9.18445],[-79.95738,9.18144],[-79.95944,9.18049],[-79.959,9.17633],[-79.96065,9.17792],[-79.96232,9.17731],[-79.96135,9.17195],[-79.95976,9.17235],[-79.95827,9.17073],[-79.95958,9.16715],[-79.95896,9.16596],[-79.96083,9.16605],[-79.96053,9.16359],[-79.96213,9.16409],[-79.96405,9.16226],[-79.96367,9.1604],[-79.96253,9.16011],[-79.96337,9.15837],[-79.96274,9.15697],[-79.96003,9.15595],[-79.95918,9.15726],[-79.95759,9.15718],[-79.95982,9.14743],[-79.95977,9.14372],[-79.96158,9.1448],[-79.96169,9.14655],[-79.96297,9.14537],[-79.96372,9.14584],[-79.96227,9.14505],[-79.96306,9.1434],[-79.96231,9.14274],[-79.96335,9.1423],[-79.96266,9.14177],[-79.96337,9.1413],[-79.96302,9.13836],[-79.96411,9.13862],[-79.96451,9.14052],[-79.96538,9.14082],[-79.96533,9.13727],[-79.96337,9.13721],[-79.96324,9.13551],[-79.96521,9.13621],[-79.96704,9.13537],[-79.96567,9.13508],[-79.96507,9.13361],[-79.96422,9.13388],[-79.96494,9.13173],[-79.96254,9.13345],[-79.96365,9.13015],[-79.96191,9.13063],[-79.96205,9.12868],[-79.96308,9.12772],[-79.96421,9.12885],[-79.96543,9.12758],[-79.96467,9.12986],[-79.96602,9.129],[-79.96711,9.12969],[-79.96742,9.12576],[-79.96783,9.12684],[-79.97026,9.12624],[-79.9706,9.12319],[-79.97186,9.12231],[-79.97134,9.12103],[-79.97227,9.12168],[-79.97177,9.12454],[-79.97285,9.12502],[-79.96857,9.12817],[-79.96934,9.1294],[-79.97088,9.12787],[-79.97132,9.12968],[-79.97317,9.12661],[-79.97484,9.12793],[-79.97521,9.12603],[-79.97757,9.12656],[-79.97616,9.12473],[-79.97726,9.12345],[-79.97622,9.1223],[-79.97711,9.12188],[-79.97801,9.12304],[-79.97916,9.12184],[-79.97953,9.12313],[-79.97827,9.12606],[-79.98096,9.12478],[-79.98091,9.12746],[-79.98242,9.12908],[-79.9813,9.12984],[-79.98147,9.13076],[-79.98001,9.13013],[-79.9784,9.13141],[-79.9758,9.13166],[-79.97853,9.13193],[-79.97811,9.13329],[-79.97943,9.13197],[-79.98288,9.13145],[-79.9836,9.13235],[-79.98296,9.13335],[-79.9838,9.13352],[-79.9841,9.12932],[-79.98512,9.12918],[-79.98388,9.12781],[-79.98551,9.12765],[-79.98408,9.12645],[-79.98399,9.12378],[-79.98254,9.12272],[-79.98263,9.12079],[-79.98371,9.12009],[-79.9831,9.11785],[-79.98418,9.11926],[-79.98363,9.1219],[-79.98448,9.12268],[-79.98524,9.12131],[-79.98548,9.12341],[-79.98628,9.12304],[-79.98678,9.12409],[-79.98639,9.12158],[-79.9875,9.12195],[-79.9891,9.12355],[-79.98966,9.12615],[-79.98977,9.12386],[-79.99133,9.12404],[-79.98912,9.12251],[-79.98953,9.12052],[-79.98755,9.12085],[-79.98502,9.1168],[-79.9849,9.11604],[-79.98571,9.11653],[-79.98776,9.11861],[-79.98539,9.1128],[-79.98692,9.11387],[-79.98745,9.11272],[-79.98826,9.11334],[-79.98922,9.11743],[-79.98957,9.11377],[-79.99257,9.11759],[-79.99323,9.1172],[-79.99331,9.11827],[-79.9941,9.11719],[-79.99621,9.11967],[-79.99493,9.11876],[-79.9951,9.11716],[-79.9924,9.11558],[-79.9924,9.11434],[-79.9907,9.11249],[-79.99139,9.1116],[-79.99313,9.11167],[-79.99506,9.1154],[-79.99613,9.11213],[-79.99492,9.11036],[-79.99617,9.10982],[-79.99742,9.11529],[-79.99765,9.11432],[-79.99851,9.11453],[-79.99761,9.11172],[-79.99828,9.1111],[-80.00039,9.11315],[-79.99861,9.10972],[-79.99947,9.10879],[-80.00131,9.10979],[-80.0008,9.11144],[-80.00197,9.11194],[-80.00039,9.11684],[-80.00153,9.11627],[-80.00151,9.11526],[-80.00248,9.11553],[-80.00276,9.11355],[-80.0039,9.1133],[-80.00301,9.11471],[-80.00417,9.11479],[-80.00384,9.11546],[-80.005,9.11399],[-80.00582,9.11454],[-80.00371,9.117],[-80.00413,9.11767],[-80.00491,9.11653],[-80.00617,9.11668],[-80.00541,9.11948],[-80.0043,9.11963],[-80.00499,9.12044],[-80.00434,9.1219],[-80.00484,9.12321],[-80.00646,9.12052],[-80.00768,9.12278],[-80.00747,9.12151],[-80.00862,9.12176],[-80.00762,9.11996],[-80.0084,9.11928],[-80.00733,9.11802],[-80.00797,9.11669],[-80.01009,9.11905],[-80.01054,9.11769],[-80.01155,9.11887],[-80.01241,9.11737],[-80.0131,9.11882],[-80.01442,9.11697],[-80.01629,9.11769],[-80.01682,9.11667],[-80.01541,9.11686],[-80.01342,9.1155],[-80.01444,9.11505],[-80.01382,9.11428],[-80.01168,9.11474],[-80.01098,9.11356],[-80.01008,9.11517],[-80.00882,9.11494],[-80.00953,9.11312],[-80.00778,9.11367],[-80.00834,9.11253],[-80.00701,9.11227],[-80.00806,9.11071],[-80.00709,9.11003],[-80.00603,9.11109],[-80.00506,9.1098],[-80.00683,9.10948],[-80.00704,9.10803],[-80.00982,9.11239],[-80.01112,9.11258],[-80.01168,9.11046],[-80.00981,9.10168],[-80.01187,9.10513],[-80.01136,9.10638],[-80.01227,9.10891],[-80.01318,9.10667],[-80.01354,9.11325],[-80.01671,9.11443],[-80.01478,9.11257],[-80.01631,9.11125],[-80.01543,9.11046],[-80.01588,9.10829],[-80.01502,9.10702],[-80.01645,9.10754],[-80.01703,9.11083],[-80.018,9.10999],[-80.02022,9.11309],[-80.01855,9.1087],[-80.02006,9.10853],[-80.02154,9.11146],[-80.02246,9.111],[-80.02154,9.1081],[-80.02247,9.11022],[-80.02373,9.11046],[-80.02121,9.10578],[-80.02145,9.10456],[-80.02214,9.10424],[-80.02236,9.10562],[-80.02383,9.10475],[-80.02318,9.10849],[-80.02513,9.11008],[-80.02598,9.10978],[-80.02551,9.10862],[-80.02649,9.10916],[-80.02683,9.10744],[-80.02844,9.10738],[-80.02938,9.10436],[-80.02791,9.10382],[-80.02881,9.1027],[-80.02705,9.10137],[-80.02709,9.09908],[-80.02783,9.1013],[-80.02927,9.10143],[-80.02894,9.10368],[-80.03113,9.10443],[-80.03081,9.10693],[-80.0344,9.10481],[-80.03264,9.10392],[-80.03183,9.1022],[-80.03467,9.10355],[-80.0325,9.10114],[-80.03339,9.0966],[-80.03442,9.09737],[-80.03352,9.0998],[-80.03528,9.09927],[-80.03519,9.1025],[-80.03536,9.10107],[-80.03717,9.10025],[-80.03754,9.10219],[-80.03604,9.10323],[-80.03655,9.10416],[-80.03799,9.10276],[-80.03868,9.10436],[-80.03766,9.0997],[-80.03972,9.10153],[-80.03852,9.09883],[-80.04003,9.09815],[-80.04102,9.09902],[-80.04115,9.10139],[-80.04225,9.09967],[-80.04325,9.1005],[-80.04284,9.10123],[-80.04406,9.10146],[-80.04351,9.10249],[-80.04159,9.10219],[-80.04281,9.10292],[-80.04284,9.10411],[-80.04515,9.10134],[-80.04354,9.09788],[-80.04193,9.09784],[-80.04304,9.09654],[-80.04059,9.09572],[-80.04011,9.0925],[-80.03849,9.09257],[-80.03787,9.09063],[-80.03833,9.09018],[-80.0391,9.09223],[-80.0393,9.09004],[-80.04055,9.08969],[-80.04078,9.09216],[-80.04169,9.0916],[-80.04151,9.09451],[-80.04256,9.09461],[-80.04203,9.09295],[-80.04277,9.09055],[-80.04432,9.09262],[-80.04413,9.09435],[-80.04518,9.09488],[-80.04447,9.09325],[-80.04577,9.09294],[-80.04387,9.09093],[-80.04756,9.09003],[-80.04217,9.08998],[-80.04378,9.08892],[-80.04354,9.0881],[-80.04238,9.08785],[-80.04196,9.08871],[-80.03888,9.08808],[-80.0413,9.08755],[-80.03806,9.08649],[-80.03702,9.08353],[-80.03933,9.08581],[-80.03942,9.08441],[-80.04483,9.0874],[-80.04078,9.08417],[-80.04244,9.08423],[-80.04229,9.08357],[-80.03926,9.08255],[-80.0405,9.08027],[-80.0414,9.08211],[-80.0428,9.08191],[-80.04426,9.08333],[-80.04189,9.08009],[-80.04407,9.0794],[-80.04297,9.07798],[-80.04403,9.0776],[-80.04262,9.07676],[-80.04356,9.07655],[-80.04492,9.07777],[-80.04466,9.08103],[-80.04685,9.08317],[-80.04672,9.08563],[-80.04733,9.08277],[-80.0454,9.08026],[-80.04612,9.07941],[-80.04822,9.0826],[-80.04703,9.07855],[-80.05116,9.08286],[-80.05069,9.08423],[-80.05164,9.08366],[-80.05309,9.08473],[-80.05334,9.08332],[-80.05203,9.08326],[-80.05132,9.08118],[-80.04771,9.07771],[-80.05057,9.07849],[-80.05047,9.07761],[-80.04775,9.07672],[-80.04554,9.07391],[-80.04964,9.07565],[-80.05119,9.07489],[-80.04735,9.0736],[-80.04718,9.07234],[-80.05061,9.07319],[-80.0512,9.07232],[-80.04707,9.07066],[-80.04524,9.07144],[-80.04625,9.07012],[-80.05195,9.07117],[-80.0523,9.07345],[-80.05372,9.07321],[-80.05515,9.0751],[-80.05709,9.07501],[-80.05526,9.07432],[-80.05514,9.07317],[-80.0563,9.07251],[-80.05391,9.07162],[-80.05677,9.07118],[-80.05609,9.07043],[-80.05204,9.06983],[-80.04857,9.06769],[-80.04892,9.06651],[-80.0507,9.0671],[-80.05051,9.065],[-80.05236,9.06616],[-80.05262,9.06456],[-80.05439,9.0649],[-80.05076,9.06283],[-80.04915,9.06508],[-80.04864,9.06453],[-80.04949,9.06193],[-80.04809,9.06246],[-80.04728,9.05935],[-80.04964,9.06063],[-80.04999,9.06192],[-80.05047,9.06015],[-80.05158,9.06094],[-80.0514,9.05959],[-80.04927,9.05941],[-80.04811,9.05649],[-80.04697,9.05782],[-80.04616,9.05669],[-80.04545,9.057],[-80.04597,9.05857],[-80.04469,9.05851],[-80.04438,9.05658],[-80.04605,9.05622],[-80.04564,9.05512],[-80.04913,9.05561],[-80.05195,9.06014],[-80.05305,9.05975],[-80.05311,9.06102],[-80.05526,9.06264],[-80.05839,9.06247],[-80.05952,9.06388],[-80.05858,9.06184],[-80.05579,9.06121],[-80.05931,9.06025],[-80.06026,9.06101],[-80.06014,9.06012],[-80.05495,9.06039],[-80.0553,9.05946],[-80.05266,9.05831],[-80.0534,9.05636],[-80.05738,9.05865],[-80.05851,9.05749],[-80.06052,9.05861],[-80.06135,9.05798],[-80.06428,9.06052],[-80.06885,9.06147],[-80.06481,9.05968],[-80.06429,9.05798],[-80.06639,9.05854],[-80.06536,9.0577],[-80.06206,9.05802],[-80.06214,9.05704],[-80.05765,9.05522],[-80.05645,9.05571],[-80.05631,9.05483],[-80.05735,9.05395],[-80.05896,9.05521],[-80.05934,9.05405],[-80.05999,9.05549],[-80.06217,9.05625],[-80.06061,9.05434],[-80.06128,9.0537],[-80.06075,9.05282],[-80.06414,9.0556],[-80.06497,9.05525],[-80.06409,9.05425],[-80.06559,9.05431],[-80.06735,9.05587],[-80.0668,9.05398],[-80.06338,9.05253],[-80.06301,9.05134],[-80.06557,9.05258],[-80.06307,9.04937],[-80.06509,9.04922],[-80.0638,9.04716],[-80.06598,9.04847],[-80.06646,9.05078],[-80.0672,9.05073],[-80.06726,9.0482],[-80.07003,9.05099],[-80.07134,9.05081],[-80.07039,9.04874],[-80.07383,9.05031],[-80.07133,9.0483],[-80.07214,9.04716],[-80.07016,9.04759],[-80.06999,9.04612],[-80.07189,9.04543],[-80.07067,9.0446],[-80.07268,9.04321],[-80.07244,9.04461],[-80.07364,9.04483],[-80.07335,9.04704],[-80.07421,9.04699],[-80.07536,9.0491],[-80.07492,9.04544],[-80.07595,9.04567],[-80.07619,9.04484],[-80.07547,9.04214],[-80.07685,9.04186],[-80.07706,9.04351],[-80.07785,9.04269],[-80.07826,9.04593],[-80.0783,9.04437],[-80.07951,9.04446],[-80.07812,9.04168],[-80.08281,9.04129],[-80.07997,9.03972],[-80.08015,9.03909],[-80.07822,9.03965],[-80.07873,9.03788],[-80.07593,9.0374],[-80.07628,9.03631],[-80.07801,9.03727],[-80.07689,9.03634],[-80.07892,9.03576],[-80.07811,9.0349],[-80.07679,9.03538],[-80.07838,9.03251],[-80.07615,9.03525],[-80.07516,9.03525],[-80.07773,9.03202],[-80.0798,9.03288],[-80.07979,9.03705],[-80.08107,9.03293],[-80.08262,9.03432],[-80.08299,9.03689],[-80.08381,9.03493],[-80.0851,9.035],[-80.08558,9.03964],[-80.08605,9.03864],[-80.08779,9.03989],[-80.08786,9.03853],[-80.09068,9.03956],[-80.09036,9.0385],[-80.09199,9.0386],[-80.09246,9.03732],[-80.08969,9.03557],[-80.09024,9.03472],[-80.09195,9.03581],[-80.0914,9.02928],[-80.09009,9.02954],[-80.08997,9.03251],[-80.08922,9.03213],[-80.08888,9.03336],[-80.0869,9.03404],[-80.08693,9.03228],[-80.08476,9.03381],[-80.08276,9.03341],[-80.08271,9.03263],[-80.08494,9.0322],[-80.08402,9.03201],[-80.08436,9.03026],[-80.08305,9.03211],[-80.08229,9.03207],[-80.08255,9.03118],[-80.08165,9.03149],[-80.08165,9.02996],[-80.08057,9.03143],[-80.08092,9.02784],[-80.08423,9.02953],[-80.08396,9.02791],[-80.08023,9.02741],[-80.07999,9.02558],[-80.08199,9.0263],[-80.08115,9.02522],[-80.08193,9.02491],[-80.08509,9.02721],[-80.08534,9.02509],[-80.08284,9.02457],[-80.08516,9.02395],[-80.08575,9.02549],[-80.08635,9.02476],[-80.08736,9.02524],[-80.08679,9.02369],[-80.08748,9.02268],[-80.08465,9.0231],[-80.08321,9.0215],[-80.0847,9.02023],[-80.08703,9.02123],[-80.08752,9.02044],[-80.08676,9.01871],[-80.08423,9.01945],[-80.08425,9.01791],[-80.08282,9.0164],[-80.08194,9.01969],[-80.07964,9.02131],[-80.07728,9.01772],[-80.07503,9.01665],[-80.07545,9.01468],[-80.07721,9.01471],[-80.07577,9.01302],[-80.07662,9.01161],[-80.07391,9.01313],[-80.07485,9.01363],[-80.07368,9.01459],[-80.07392,9.01647],[-80.07643,9.01801],[-80.07537,9.02013],[-80.0769,9.01998],[-80.07611,9.02189],[-80.07752,9.02093],[-80.07929,9.02407],[-80.07851,9.02559],[-80.07664,9.0245],[-80.07641,9.0253],[-80.07394,9.02584],[-80.0775,9.02576],[-80.07681,9.02732],[-80.07772,9.02753],[-80.07489,9.02939],[-80.07306,9.02842],[-80.07395,9.03005],[-80.07167,9.03087],[-80.07177,9.03297],[-80.07041,9.03219],[-80.0706,9.03347],[-80.06981,9.03087],[-80.06805,9.02967],[-80.0688,9.03236],[-80.06752,9.03248],[-80.06791,9.03372],[-80.06687,9.03238],[-80.06724,9.03072],[-80.06554,9.03091],[-80.06656,9.02957],[-80.06475,9.02993],[-80.06427,9.02921],[-80.06572,9.02821],[-80.06458,9.02737],[-80.06745,9.02645],[-80.06586,9.02674],[-80.06469,9.02496],[-80.06536,9.02608],[-80.06406,9.02685],[-80.06303,9.02577],[-80.05929,9.02817],[-80.0569,9.02772],[-80.05811,9.03121],[-80.05899,9.0299],[-80.06076,9.03024],[-80.06097,9.03178],[-80.05967,9.03318],[-80.06129,9.03334],[-80.06374,9.03537],[-80.06142,9.03484],[-80.06195,9.03679],[-80.05912,9.0347],[-80.05811,9.03531],[-80.05923,9.03783],[-80.06267,9.0391],[-80.06218,9.04108],[-80.05989,9.03891],[-80.05826,9.03927],[-80.05978,9.03978],[-80.06006,9.04152],[-80.05887,9.04123],[-80.05849,9.04224],[-80.05721,9.04154],[-80.05874,9.04344],[-80.05785,9.04349],[-80.05599,9.04265],[-80.056,9.0407],[-80.05431,9.03976],[-80.05491,9.03927],[-80.05333,9.03885],[-80.05459,9.04221],[-80.05376,9.04319],[-80.05296,9.04211],[-80.05241,9.04261],[-80.05284,9.04114],[-80.05126,9.04041],[-80.05018,9.04101],[-80.05001,9.03841],[-80.05075,9.03816],[-80.05169,9.03967],[-80.05188,9.03702],[-80.05479,9.03798],[-80.05482,9.03655],[-80.05348,9.03684],[-80.05316,9.03609],[-80.05474,9.03465],[-80.05317,9.03457],[-80.05216,9.03265],[-80.0517,9.03497],[-80.04969,9.03439],[-80.05046,9.033],[-80.04948,9.03339],[-80.05116,9.03083],[-80.05227,9.03116],[-80.05204,9.02893],[-80.05086,9.02787],[-80.05057,9.02974],[-80.04653,9.03102],[-80.04713,9.02856],[-80.04836,9.02778],[-80.04836,9.029],[-80.04948,9.02951],[-80.04992,9.02803],[-80.04892,9.02743],[-80.05038,9.0272],[-80.04823,9.02666],[-80.04916,9.0254],[-80.04875,9.02445],[-80.04973,9.0236],[-80.05179,9.02465],[-80.05311,9.02393],[-80.05092,9.02291],[-80.05057,9.02177],[-80.0479,9.02369],[-80.04756,9.02219],[-80.0495,9.01925],[-80.04815,9.01956],[-80.04638,9.0223],[-80.04616,9.0235],[-80.04777,9.02516],[-80.04659,9.0249],[-80.04577,9.02608],[-80.04512,9.02515],[-80.04478,9.02632],[-80.04269,9.0269],[-80.04339,9.02779],[-80.04231,9.02993],[-80.04112,9.02948],[-80.0424,9.02783],[-80.04035,9.02832],[-80.04085,9.02661],[-80.03925,9.02904],[-80.03909,9.02746],[-80.04032,9.02578],[-80.04259,9.02583],[-80.04386,9.02421],[-80.04246,9.0241],[-80.04433,9.02192],[-80.04177,9.02253],[-80.04298,9.02122],[-80.04152,9.02114],[-80.04243,9.02009],[-80.04461,9.02087],[-80.04489,9.01602],[-80.04679,9.01591],[-80.04555,9.01307],[-80.04431,9.01494],[-80.04332,9.01185],[-80.04262,9.01201],[-80.04275,9.00896],[-80.04384,9.00737],[-80.04531,9.00739],[-80.04189,9.00492],[-80.04319,9.00626],[-80.04147,9.00614],[-80.04261,9.00808],[-80.03919,9.00736],[-80.03954,9.00929],[-80.03872,9.01032],[-80.04007,9.01025],[-80.04013,9.00893],[-80.04126,9.00907],[-80.0413,9.01009],[-80.04036,9.01034],[-80.04266,9.01574],[-80.04192,9.01681],[-80.04001,9.0156],[-80.03835,9.01635],[-80.03745,9.01802],[-80.03864,9.0203],[-80.03765,9.02086],[-80.03811,9.02264],[-80.03697,9.02266],[-80.03578,9.02039],[-80.03562,9.01965],[-80.03717,9.01919],[-80.03608,9.01866],[-80.03678,9.01673],[-80.03453,9.01563],[-80.03442,9.01439],[-80.03456,9.01682],[-80.03204,9.01368],[-80.03067,9.01354],[-80.03092,9.0152],[-80.03355,9.01667],[-80.03142,9.01659],[-80.03214,9.01789],[-80.02969,9.01717],[-80.02925,9.0186],[-80.0279,9.01885],[-80.02882,9.02174],[-80.02816,9.02263],[-80.02914,9.02342],[-80.02845,9.02478],[-80.0295,9.02632],[-80.02801,9.02618],[-80.0283,9.02799],[-80.03384,9.03301],[-80.03677,9.03729],[-80.03747,9.03669],[-80.03702,9.0393],[-80.03862,9.03952],[-80.03902,9.03877],[-80.0411,9.04025],[-80.03888,9.0421],[-80.04142,9.0459],[-80.04015,9.04642],[-80.04165,9.04691],[-80.04092,9.04849],[-80.04022,9.04761],[-80.03986,9.04883],[-80.03872,9.04885],[-80.03873,9.04764],[-80.0377,9.04744],[-80.03955,9.04505],[-80.03818,9.04472],[-80.03725,9.04597],[-80.03612,9.04513],[-80.03705,9.04407],[-80.03574,9.04335],[-80.03704,9.04163],[-80.03569,9.0426],[-80.0355,9.04542],[-80.03416,9.04467],[-80.0349,9.04641],[-80.03675,9.04669],[-80.03685,9.04859],[-80.03508,9.04877],[-80.0351,9.04725],[-80.03341,9.0466],[-80.0338,9.04857],[-80.03152,9.04698],[-80.03105,9.04571],[-80.03229,9.04549],[-80.03092,9.0441],[-80.03213,9.0432],[-80.03035,9.04211],[-80.03221,9.04114],[-80.03102,9.04065],[-80.03185,9.03992],[-80.0341,9.03993],[-80.03371,9.03874],[-80.03217,9.03933],[-80.03166,9.03754],[-80.03012,9.04097],[-80.02918,9.03988],[-80.02924,9.04261],[-80.02799,9.0422],[-80.02769,9.04288],[-80.02724,9.0419],[-80.02594,9.04286],[-80.02731,9.04025],[-80.02764,9.03597],[-80.0248,9.04099],[-80.02372,9.03968],[-80.02381,9.0379],[-80.02271,9.03889],[-80.02097,9.03819],[-80.02157,9.03605],[-80.02415,9.03497],[-80.02418,9.03342],[-80.02552,9.032],[-80.02327,9.03444],[-80.02149,9.0348],[-80.02008,9.03703],[-80.01958,9.03567],[-80.0188,9.03604],[-80.01753,9.03172],[-80.01846,9.03061],[-80.02026,9.03091],[-80.02176,9.02871],[-80.01971,9.0304],[-80.01574,9.03032],[-80.01642,9.02843],[-80.01855,9.02791],[-80.0159,9.0278],[-80.01669,9.02625],[-80.01478,9.02384],[-80.01591,9.02185],[-80.01915,9.02471],[-80.01928,9.0232],[-80.01734,9.02091],[-80.01924,9.02119],[-80.02169,9.02368],[-80.02228,9.02196],[-80.02494,9.02334],[-80.02373,9.02155],[-80.01959,9.02069],[-80.01959,9.01944],[-80.02236,9.01957],[-80.02054,9.01711],[-80.02177,9.0162],[-80.02038,9.01584],[-80.02129,9.01375],[-80.0196,9.01453],[-80.01968,9.01719],[-80.01852,9.01776],[-80.01805,9.01968],[-80.01667,9.01972],[-80.01637,9.01747],[-80.01735,9.01672],[-80.01576,9.01597],[-80.01701,9.01466],[-80.01566,9.01549],[-80.01408,9.0139],[-80.013,9.0148],[-80.01046,9.01245],[-80.01203,9.01731],[-80.01496,9.01593],[-80.01529,9.0176],[-80.01363,9.0196],[-80.01393,9.02083],[-80.01096,9.02105],[-80.01369,9.02241],[-80.01235,9.02289],[-80.01352,9.02363],[-80.01157,9.02465],[-80.01334,9.02508],[-80.0129,9.02695],[-80.01379,9.02749],[-80.01396,9.02973],[-80.01693,9.03424],[-80.01577,9.0344],[-80.01614,9.03552],[-80.01728,9.03552],[-80.01783,9.03755],[-80.01976,9.03942],[-80.01906,9.04021],[-80.01698,9.03968],[-80.01873,9.04147],[-80.01562,9.04232],[-80.01797,9.04252],[-80.0168,9.04488],[-80.01875,9.04553],[-80.02024,9.04035],[-80.02132,9.04018],[-80.02212,9.04133],[-80.0227,9.04078],[-80.02322,9.04228],[-80.02201,9.04256],[-80.02305,9.04312],[-80.02109,9.04532],[-80.02392,9.04342],[-80.02333,9.04422],[-80.02511,9.04461],[-80.02414,9.04536],[-80.02542,9.04631],[-80.02478,9.04749],[-80.02316,9.04763],[-80.02472,9.04831],[-80.02219,9.0497],[-80.02238,9.0506],[-80.02552,9.04861],[-80.02668,9.04653],[-80.02609,9.04478],[-80.02709,9.0443],[-80.02838,9.04556],[-80.02814,9.04731],[-80.02968,9.0459],[-80.03051,9.04738],[-80.02928,9.04738],[-80.02958,9.04858],[-80.02785,9.04832],[-80.02536,9.05018],[-80.02528,9.05193],[-80.02544,9.05071],[-80.0266,9.05093],[-80.02695,9.04979],[-80.02783,9.05143],[-80.02818,9.0501],[-80.02908,9.05086],[-80.02886,9.04975],[-80.02985,9.04965],[-80.03068,9.05073],[-80.02961,9.05242],[-80.03049,9.05313],[-80.03123,9.05166],[-80.03156,9.05361],[-80.03221,9.05032],[-80.03294,9.05145],[-80.03381,9.05118],[-80.03322,9.05333],[-80.0344,9.05305],[-80.03444,9.05391],[-80.03485,9.05137],[-80.0364,9.0514],[-80.03647,9.05324],[-80.03471,9.055],[-80.03489,9.056],[-80.03659,9.05388],[-80.03931,9.05494],[-80.03661,9.05591],[-80.0385,9.0568],[-80.03832,9.05868],[-80.03655,9.05714],[-80.03646,9.05851],[-80.03477,9.05865],[-80.03727,9.05891],[-80.03511,9.0606],[-80.03752,9.06027],[-80.03798,9.06153],[-80.03731,9.06206],[-80.03974,9.06381],[-80.03641,9.06279],[-80.03675,9.06573],[-80.03444,9.06357],[-80.03674,9.07075],[-80.03582,9.07042],[-80.03622,9.07193],[-80.03517,9.07174],[-80.03499,9.06754],[-80.03417,9.06753],[-80.03426,9.06902],[-80.03229,9.06769],[-80.03188,9.0688],[-80.03361,9.06968],[-80.03398,9.07274],[-80.03241,9.07241],[-80.03158,9.07027],[-80.0317,9.07135],[-80.03076,9.07071],[-80.03143,9.07234],[-80.02968,9.07184],[-80.0324,9.07383],[-80.03265,9.0761],[-80.02968,9.07955],[-80.02874,9.0781],[-80.03019,9.07839],[-80.02957,9.07704],[-80.031,9.0758],[-80.03039,9.07423],[-80.02769,9.07218],[-80.02771,9.07356],[-80.02968,9.07442],[-80.03005,9.07591],[-80.02824,9.07518],[-80.02866,9.0767],[-80.02747,9.0774],[-80.02747,9.07547],[-80.02648,9.07584],[-80.02669,9.07462],[-80.02529,9.07462],[-80.02392,9.07224],[-80.02414,9.07444],[-80.02341,9.07392],[-80.02181,9.07493],[-80.02022,9.07336],[-80.02232,9.07266],[-80.02089,9.07152],[-80.02311,9.07025],[-80.02337,9.07131],[-80.02482,9.07132],[-80.02394,9.06986],[-80.02643,9.07005],[-80.02663,9.07079],[-80.02762,9.06979],[-80.02866,9.0703],[-80.02908,9.06883],[-80.03031,9.06927],[-80.02933,9.06788],[-80.03086,9.06759],[-80.03067,9.06607],[-80.03202,9.06554],[-80.03111,9.0648],[-80.03179,9.0618],[-80.03409,9.06229],[-80.03175,9.06099],[-80.03269,9.05819],[-80.03221,9.0569],[-80.03143,9.05943],[-80.02892,9.05883],[-80.03129,9.06019],[-80.03068,9.06358],[-80.02884,9.06275],[-80.03038,9.0644],[-80.02984,9.06638],[-80.02731,9.06429],[-80.02938,9.06672],[-80.02824,9.0676],[-80.0286,9.06861],[-80.02593,9.06909],[-80.02675,9.06732],[-80.02603,9.06567],[-80.02586,9.0683],[-80.02341,9.06877],[-80.02291,9.0663],[-80.02374,9.06341],[-80.02208,9.06746],[-80.02251,9.069],[-80.01965,9.07131],[-80.02021,9.06823],[-80.0187,9.06946],[-80.01889,9.06621],[-80.01794,9.0674],[-80.01726,9.06705],[-80.01775,9.06861],[-80.01629,9.06931],[-80.01773,9.06939],[-80.01802,9.07031],[-80.01708,9.0715],[-80.01596,9.07101],[-80.0165,9.07286],[-80.01514,9.0702],[-80.01351,9.06993],[-80.01485,9.07206],[-80.01388,9.0736],[-80.01518,9.07377],[-80.01526,9.07468],[-80.01351,9.07571],[-80.01248,9.07307],[-80.01237,9.07546],[-80.01033,9.07533],[-80.01297,9.0767],[-80.01362,9.07933],[-80.0151,9.07607],[-80.01601,9.07633],[-80.0158,9.07797],[-80.01705,9.07899],[-80.01902,9.07873],[-80.01892,9.08058],[-80.01779,9.07921],[-80.0173,9.08079],[-80.01573,9.07953],[-80.01477,9.08021],[-80.01631,9.08201],[-80.01819,9.08171],[-80.0159,9.08562],[-80.01549,9.08382],[-80.01711,9.08357],[-80.01726,9.08259],[-80.0162,9.08301],[-80.01374,9.081],[-80.01201,9.08127],[-80.01186,9.0832],[-80.01054,9.08276],[-80.01115,9.08464],[-80.01029,9.08371],[-80.00972,9.08457],[-80.00798,9.08374],[-80.0068,9.07828],[-80.00896,9.07824],[-80.00964,9.08077],[-80.01051,9.07876],[-80.01208,9.07993],[-80.01208,9.07884],[-80.00971,9.07739],[-80.00977,9.07625],[-80.00432,9.07528],[-80.00655,9.07442],[-80.00852,9.07554],[-80.00925,9.0742],[-80.00822,9.07351],[-80.00835,9.07188],[-80.00693,9.07143],[-80.00789,9.07073],[-80.00681,9.0701],[-80.00715,9.06926],[-80.00931,9.07105],[-80.01135,9.07123],[-80.00895,9.06865],[-80.01053,9.0682],[-80.00833,9.06678],[-80.0111,9.06626],[-80.01148,9.06854],[-80.01288,9.06914],[-80.01232,9.06653],[-80.01297,9.06592],[-80.01498,9.06812],[-80.0138,9.06543],[-80.01575,9.06526],[-80.01522,9.06369],[-80.0187,9.06445],[-80.01588,9.06358],[-80.01608,9.06185],[-80.01823,9.06235],[-80.01761,9.06148],[-80.02119,9.06077],[-80.02057,9.05995],[-80.02204,9.05913],[-80.02092,9.05953],[-80.02103,9.05842],[-80.01981,9.06052],[-80.01631,9.06131],[-80.01741,9.0602],[-80.01587,9.0587],[-80.0161,9.05781],[-80.017,9.05709],[-80.01879,9.05758],[-80.01896,9.05656],[-80.01882,9.05575],[-80.01855,9.05665],[-80.01708,9.05678],[-80.01757,9.05505],[-80.01652,9.05537],[-80.01657,9.05696],[-80.01494,9.05891],[-80.0157,9.05998],[-80.01474,9.06284],[-80.01244,9.06475],[-80.01062,9.06362],[-80.01037,9.06493],[-80.00812,9.06462],[-80.00901,9.06277],[-80.01127,9.06314],[-80.01234,9.06212],[-80.01181,9.06052],[-80.01021,9.06107],[-80.01246,9.05958],[-80.01019,9.05804],[-80.01379,9.05636],[-80.01118,9.05547],[-80.01309,9.05382],[-80.00957,9.05579],[-80.00775,9.05519],[-80.00799,9.0532],[-80.0101,9.05273],[-80.00969,9.05198],[-80.01146,9.05026],[-80.01298,9.05118],[-80.01226,9.05014],[-80.01341,9.04923],[-80.01093,9.04956],[-80.00905,9.05213],[-80.00773,9.05206],[-80.00756,9.04968],[-80.00654,9.04973],[-80.00846,9.04835],[-80.00736,9.04881],[-80.0065,9.04804],[-80.00914,9.04622],[-80.01191,9.04588],[-80.00902,9.04538],[-80.00911,9.04256],[-80.00825,9.04578],[-80.00593,9.04603],[-80.0063,9.04696],[-80.00536,9.048],[-80.00615,9.0524],[-80.00466,9.05312],[-80.00416,9.05518],[-80.00585,9.05807],[-80.00355,9.05728],[-80.00288,9.05345],[-80.00426,9.053],[-80.00342,9.05138],[-80.00468,9.05066],[-80.0029,9.05029],[-80.00238,9.049],[-80.00455,9.04901],[-80.00483,9.04804],[-80.00316,9.0478],[-80.00234,9.04627],[-80.00032,9.04685],[-79.99987,9.04591],[-80.00175,9.04464],[-80.00487,9.04632],[-80.00265,9.04272],[-80.00626,9.0449],[-80.00356,9.04186],[-80.0059,9.0411],[-80.00352,9.04074],[-80.00416,9.03981],[-80.00768,9.03951],[-80.00803,9.03802],[-80.0063,9.03902],[-80.00465,9.03829],[-80.00325,9.03931],[-80.00219,9.03723],[-80.00446,9.03663],[-80.00215,9.0366],[-80.00181,9.03532],[-80.00411,9.0347],[-80.00564,9.03553],[-80.00485,9.03401],[-80.00251,9.03385],[-80.00477,9.0312],[-80.00742,9.03055],[-80.00367,9.03096],[-80.00357,9.02891],[-80.00531,9.02671],[-80.00257,9.02907],[-80.00026,9.02661],[-80.0013,9.02286],[-79.99999,9.02166],[-80.00092,9.02395],[-79.99964,9.02466],[-79.99972,9.0268],[-80.00229,9.03124],[-80.0013,9.03387],[-79.99938,9.03172],[-79.99924,9.03301],[-79.99835,9.03311],[-80.0008,9.03473],[-80.00083,9.03589],[-80.00022,9.03658],[-79.99949,9.03575],[-79.99953,9.03681],[-80.00074,9.0384],[-80.00014,9.03922],[-80.00187,9.04053],[-79.99905,9.04334],[-79.99843,9.04149],[-79.99937,9.04048],[-79.99811,9.04083],[-79.99836,9.0393],[-79.99603,9.03692],[-79.99713,9.0405],[-79.99584,9.04185],[-79.99744,9.04134],[-79.99781,9.04454],[-79.99665,9.04443],[-79.99656,9.04564],[-79.99461,9.04413],[-79.99434,9.04784],[-79.99215,9.04824],[-79.99348,9.04601],[-79.99128,9.04575],[-79.99318,9.04433],[-79.9927,9.04249],[-79.99402,9.0434],[-79.99406,9.04258],[-79.99306,9.041],[-79.99054,9.04],[-79.99209,9.03926],[-79.99419,9.03992],[-79.99403,9.03888],[-79.98962,9.03909],[-79.99153,9.0364],[-79.9887,9.03791],[-79.98778,9.03988],[-79.98692,9.0393],[-79.98815,9.0379],[-79.98804,9.03498],[-79.99312,9.03474],[-79.99049,9.03285],[-79.9945,9.03105],[-79.9904,9.03007],[-79.99201,9.0302],[-79.99393,9.02857],[-79.99121,9.02866],[-79.99184,9.0277],[-79.99086,9.02628],[-79.99171,9.02486],[-79.99297,9.02519],[-79.99333,9.022],[-79.99211,9.02387],[-79.99104,9.02322],[-79.98951,9.02542],[-79.98946,9.02889],[-79.98863,9.02819],[-79.98887,9.02543],[-79.98759,9.02414],[-79.98852,9.02294],[-79.98811,9.02097],[-79.99104,9.02051],[-79.98792,9.01948],[-79.98976,9.01948],[-79.99335,9.01723],[-79.99182,9.01648],[-79.98955,9.01779],[-79.99066,9.01436],[-79.98962,9.01438],[-79.98843,9.01783],[-79.98773,9.01612],[-79.98646,9.01821],[-79.98622,9.01543],[-79.98417,9.01587],[-79.98362,9.01429],[-79.98556,9.01389],[-79.98402,9.01115],[-79.98444,9.01024],[-79.98554,9.01033],[-79.98542,9.0088],[-79.98697,9.00812],[-79.98325,9.0094],[-79.98246,9.00774],[-79.98172,9.00792],[-79.98217,9.01037],[-79.981,9.01024],[-79.98302,9.01224],[-79.9821,9.0134],[-79.97978,9.01379],[-79.98287,9.01367],[-79.98248,9.01514],[-79.98359,9.01615],[-79.98283,9.01736],[-79.98528,9.01721],[-79.98483,9.01869],[-79.98591,9.02016],[-79.9847,9.02113],[-79.98328,9.02089],[-79.98,9.01906],[-79.97946,9.01785],[-79.97978,9.01898],[-79.9783,9.01917],[-79.98054,9.01965],[-79.98157,9.02137],[-79.97955,9.02113],[-79.97851,9.02375],[-79.97995,9.02201],[-79.98202,9.02261],[-79.9812,9.02493],[-79.984,9.02258],[-79.98481,9.02298],[-79.9848,9.02379],[-79.98322,9.02437],[-79.98283,9.0265],[-79.98486,9.02577],[-79.98455,9.02676],[-79.98653,9.02823],[-79.98657,9.0293],[-79.98442,9.02936],[-79.98307,9.02798],[-79.98129,9.0294],[-79.98334,9.02945],[-79.98436,9.031],[-79.9855,9.03068],[-79.98735,9.03227],[-79.98494,9.03302],[-79.98494,9.03449],[-79.9832,9.03346],[-79.98567,9.03695],[-79.98443,9.03663],[-79.98189,9.03822],[-79.9848,9.03782],[-79.98538,9.03874],[-79.98432,9.04121],[-79.98566,9.04093],[-79.98619,9.0425],[-79.98551,9.04522],[-79.98356,9.04209],[-79.98373,9.04432],[-79.98121,9.04358],[-79.98355,9.04666],[-79.98262,9.04743],[-79.9836,9.04775],[-79.98137,9.04861],[-79.97944,9.04733],[-79.97989,9.04881],[-79.97883,9.04974],[-79.9808,9.04991],[-79.98035,9.05089],[-79.97746,9.05116],[-79.97675,9.05216],[-79.97736,9.05362],[-79.97446,9.05502],[-79.9764,9.05242],[-79.97632,9.04954],[-79.97454,9.04945],[-79.97584,9.04818],[-79.97462,9.04806],[-79.97366,9.04657],[-79.97308,9.04804],[-79.97137,9.04878],[-79.9718,9.04708],[-79.97068,9.04632],[-79.97165,9.04502],[-79.97412,9.04527],[-79.973,9.04394],[-79.97355,9.0424],[-79.97572,9.04264],[-79.97469,9.03964],[-79.97693,9.03824],[-79.97565,9.03684],[-79.97582,9.03482],[-79.9787,9.03325],[-79.97549,9.03341],[-79.97739,9.03112],[-79.97535,9.03193],[-79.97458,9.03025],[-79.97706,9.02815],[-79.97583,9.02857],[-79.97515,9.02695],[-79.97509,9.02881],[-79.97265,9.03055],[-79.97399,9.03192],[-79.97392,9.03398],[-79.97093,9.03273],[-79.9713,9.03481],[-79.97255,9.0344],[-79.97326,9.03561],[-79.97233,9.03799],[-79.97094,9.03539],[-79.96978,9.03502],[-79.97094,9.03843],[-79.96908,9.03866],[-79.96911,9.03669],[-79.96708,9.03576],[-79.96643,9.03403],[-79.96599,9.03616],[-79.96716,9.04339],[-79.96567,9.03853],[-79.96368,9.04023],[-79.96269,9.03987],[-79.96272,9.03859],[-79.96382,9.03839],[-79.96308,9.03705],[-79.96372,9.03614],[-79.96193,9.03532],[-79.96392,9.03345],[-79.96271,9.03326],[-79.96304,9.0315],[-79.96202,9.03162],[-79.96042,9.03413],[-79.95946,9.0299],[-79.96025,9.03151],[-79.9614,9.0302],[-79.96093,9.0285],[-79.9618,9.02964],[-79.96212,9.02795],[-79.96329,9.02753],[-79.96371,9.02858],[-79.96458,9.02753],[-79.96524,9.03072],[-79.96649,9.02746],[-79.96889,9.03192],[-79.96825,9.02659],[-79.96467,9.02591],[-79.96608,9.02595],[-79.96678,9.02452],[-79.96558,9.02441],[-79.96487,9.02309],[-79.9664,9.02348],[-79.96616,9.02195],[-79.96714,9.02168],[-79.96935,9.02311],[-79.96962,9.02437],[-79.97064,9.02357],[-79.96865,9.02185],[-79.96946,9.02131],[-79.96898,9.0207],[-79.97321,9.02187],[-79.97185,9.0206],[-79.96704,9.01985],[-79.97109,9.01834],[-79.97305,9.01883],[-79.97186,9.01838],[-79.97215,9.01731],[-79.96752,9.01786],[-79.96681,9.01581],[-79.96796,9.01356],[-79.9695,9.01404],[-79.96981,9.01318],[-79.96679,9.01366],[-79.9673,9.01253],[-79.96651,9.01147],[-79.96769,9.01063],[-79.96692,9.00789],[-79.96729,9.01038],[-79.96597,9.01081],[-79.96502,9.01363],[-79.96557,9.01778],[-79.96394,9.01874],[-79.96311,9.02098],[-79.96095,9.02184],[-79.96323,9.01835],[-79.96127,9.01619],[-79.96256,9.01343],[-79.96157,9.01333],[-79.96089,9.01181],[-79.96298,9.01059],[-79.96193,9.00982],[-79.96202,9.00812],[-79.96282,9.008],[-79.962,9.00601],[-79.95938,9.00709],[-79.95888,9.00827],[-79.95741,9.00716],[-79.954,9.01384],[-79.95484,9.01492],[-79.95588,9.01458],[-79.95573,9.0165],[-79.9572,9.01834],[-79.95574,9.02014],[-79.95634,9.02215],[-79.95482,9.02111],[-79.95424,9.02269],[-79.95302,9.02291],[-79.95269,9.02118],[-79.9543,9.01889],[-79.95203,9.02025],[-79.95341,9.01743],[-79.9517,9.01709],[-79.95051,9.02095],[-79.94922,9.02152],[-79.94716,9.02083],[-79.94899,9.02154],[-79.94876,9.02214],[-79.95021,9.02202],[-79.94891,9.023],[-79.95085,9.02286],[-79.94957,9.0242],[-79.95107,9.02452],[-79.95201,9.02715],[-79.95062,9.02949],[-79.94896,9.02577],[-79.94838,9.02744],[-79.94686,9.02783],[-79.94726,9.02885],[-79.94645,9.02901],[-79.94832,9.03015],[-79.94809,9.03114],[-79.94717,9.03065],[-79.94716,9.03206],[-79.94886,9.03337],[-79.9459,9.03317],[-79.94639,9.03209],[-79.94559,9.03135],[-79.94264,9.03117],[-79.94164,9.02978],[-79.9386,9.02963],[-79.93735,9.02663],[-79.93659,9.02709],[-79.9372,9.02925],[-79.93579,9.03093],[-79.93713,9.03019],[-79.9382,9.03199],[-79.93828,9.03056],[-79.94112,9.03063],[-79.94164,9.03206],[-79.94433,9.03362],[-79.94454,9.03495],[-79.94766,9.03542],[-79.94541,9.03694],[-79.94223,9.03633],[-79.94312,9.03704],[-79.94209,9.03898],[-79.94342,9.03778],[-79.94477,9.03935],[-79.94433,9.04132],[-79.94262,9.04141],[-79.94518,9.0418],[-79.94574,9.04043],[-79.94664,9.04095],[-79.9475,9.04012],[-79.94934,9.04116],[-79.94967,9.03864],[-79.95081,9.03925],[-79.95026,9.0413],[-79.95205,9.04278],[-79.94976,9.04443],[-79.94925,9.04262],[-79.94861,9.04409],[-79.94737,9.04376],[-79.9484,9.04579],[-79.94463,9.04674],[-79.94468,9.04982],[-79.9452,9.04749],[-79.94769,9.04754],[-79.94965,9.04647],[-79.95352,9.04722],[-79.95376,9.04795],[-79.9524,9.04851],[-79.95356,9.05097],[-79.94931,9.05196],[-79.95071,9.05152],[-79.95241,9.05247],[-79.95219,9.05318],[-79.94948,9.05363],[-79.95195,9.05458],[-79.95536,9.05111],[-79.95651,9.0513],[-79.95623,9.05423],[-79.955,9.05317],[-79.95387,9.05399],[-79.95594,9.05614],[-79.95191,9.05655],[-79.95255,9.05712],[-79.95177,9.05831],[-79.95366,9.059],[-79.95059,9.06011],[-79.95239,9.06043],[-79.95372,9.06191],[-79.95386,9.0632],[-79.95173,9.06385],[-79.9544,9.0647],[-79.95608,9.06766],[-79.95925,9.06579],[-79.96095,9.06688],[-79.96102,9.06876],[-79.95862,9.07019],[-79.95923,9.07108],[-79.96072,9.07053],[-79.96173,9.07301],[-79.95943,9.07193],[-79.95683,9.07206],[-79.95658,9.07286],[-79.95688,9.07443],[-79.96052,9.07463],[-79.95942,9.07868],[-79.96203,9.07654],[-79.96528,9.0789],[-79.96419,9.08063],[-79.96208,9.07935],[-79.96123,9.07985],[-79.96097,9.08097],[-79.96216,9.08132],[-79.96136,9.0823],[-79.96362,9.08281],[-79.96255,9.08471],[-79.95985,9.08362],[-79.95822,9.08572],[-79.9582,9.08702],[-79.96059,9.08782],[-79.95845,9.08861],[-79.95982,9.09276],[-79.95895,9.09297],[-79.95659,9.0886],[-79.95553,9.08895],[-79.95584,9.09024],[-79.9538,9.0909],[-79.95186,9.09309],[-79.95191,9.09137],[-79.95062,9.08995],[-79.95211,9.09071],[-79.9531,9.0896],[-79.95048,9.08721],[-79.94938,9.08801],[-79.94904,9.08547],[-79.95388,9.08801],[-79.95412,9.08698],[-79.95663,9.0863],[-79.95721,9.0823],[-79.95575,9.08567],[-79.95474,9.08397],[-79.95458,9.08547],[-79.95354,9.08565],[-79.95295,9.08465],[-79.95099,9.08437],[-79.9521,9.08339],[-79.95172,9.08244],[-79.94966,9.08288],[-79.94939,9.08189],[-79.95305,9.0808],[-79.95427,9.08171],[-79.95326,9.07975],[-79.95553,9.07818],[-79.95419,9.07787],[-79.95371,9.07572],[-79.95186,9.07882],[-79.94996,9.07952],[-79.9496,9.07765],[-79.94819,9.07837],[-79.94861,9.07637],[-79.94697,9.07728],[-79.94596,9.08059],[-79.94353,9.07807],[-79.94485,9.07585],[-79.94194,9.07564],[-79.94009,9.07177],[-79.94037,9.07045],[-79.93885,9.06976],[-79.93914,9.06888],[-79.94029,9.06974],[-79.94046,9.06721],[-79.94341,9.0646],[-79.93905,9.06526],[-79.93871,9.06693],[-79.93668,9.06709],[-79.93529,9.06847],[-79.93448,9.06639],[-79.93603,9.06366],[-79.93489,9.06399],[-79.93435,9.06215],[-79.934,9.06288],[-79.93245,9.06243],[-79.93381,9.06384],[-79.93292,9.06541],[-79.93005,9.06217],[-79.93173,9.06627],[-79.93127,9.06724],[-79.9299,9.06716],[-79.92995,9.06624],[-79.9289,9.06723],[-79.92892,9.06584],[-79.92761,9.06677],[-79.92675,9.06603],[-79.92653,9.067],[-79.92552,9.06661],[-79.92999,9.06928],[-79.93045,9.07111],[-79.93182,9.07019],[-79.93237,9.07157],[-79.93471,9.07226],[-79.93272,9.0729],[-79.93406,9.07392],[-79.93508,9.07423],[-79.93509,9.0725],[-79.93617,9.07339],[-79.93817,9.0731],[-79.93665,9.07385],[-79.93778,9.07491],[-79.93746,9.0757],[-79.93959,9.07549],[-79.94078,9.07822],[-79.93867,9.07812],[-79.93968,9.07894],[-79.93858,9.07964],[-79.93597,9.07897],[-79.93636,9.08158],[-79.93759,9.08011],[-79.93868,9.08126],[-79.93848,9.08269],[-79.93959,9.08066],[-79.94189,9.08018],[-79.94166,9.08137],[-79.94679,9.08408],[-79.94623,9.08498],[-79.94531,9.08444],[-79.94499,9.08573],[-79.94319,9.08385],[-79.94197,9.08442],[-79.94297,9.08449],[-79.94359,9.08625],[-79.94136,9.08614],[-79.94252,9.08665],[-79.94179,9.0871],[-79.94395,9.08764],[-79.94173,9.08916],[-79.94479,9.08866],[-79.94509,9.09021],[-79.94271,9.0898],[-79.94368,9.09089],[-79.9422,9.0919],[-79.94384,9.09406],[-79.94412,9.09542],[-79.94307,9.09628],[-79.94371,9.09833],[-79.94622,9.10124],[-79.94506,9.10029],[-79.94367,9.10167],[-79.94301,9.10073],[-79.94373,9.10035],[-79.94158,9.09959],[-79.94318,9.09893],[-79.94206,9.09784],[-79.94258,9.09407],[-79.9418,9.09464],[-79.94098,9.09371],[-79.9404,9.09458],[-79.93952,9.09373],[-79.9399,9.09275],[-79.93767,9.09415],[-79.93679,9.09134],[-79.93663,9.09396],[-79.93551,9.08981],[-79.93453,9.0908],[-79.93401,9.08766],[-79.93334,9.08844],[-79.93373,9.0914],[-79.9351,9.09171],[-79.93458,9.09217],[-79.93606,9.09397],[-79.93207,9.09332],[-79.9315,9.09412],[-79.93279,9.09364],[-79.93398,9.09461],[-79.93278,9.09668],[-79.93161,9.09691],[-79.92965,9.09567],[-79.92998,9.09488],[-79.92868,9.09509],[-79.9283,9.09414],[-79.92918,9.09412],[-79.92828,9.09278],[-79.92639,9.0968],[-79.92625,9.09249],[-79.92745,9.09249],[-79.92717,9.09156],[-79.9283,9.09119],[-79.92969,9.09224],[-79.92918,9.09168],[-79.93024,9.09089],[-79.92888,9.09082],[-79.92993,9.09008],[-79.92897,9.08984],[-79.92953,9.08803],[-79.92838,9.08816],[-79.92881,9.08616],[-79.92777,9.08764],[-79.92783,9.08969],[-79.92722,9.09003],[-79.92651,9.08859],[-79.92596,9.09091],[-79.92515,9.0881],[-79.92729,9.08747],[-79.92696,9.0859],[-79.92579,9.0861],[-79.92526,9.08493],[-79.92439,9.08611],[-79.92351,9.08565],[-79.92572,9.08379],[-79.92496,9.08273],[-79.92598,9.08146],[-79.92421,9.08323],[-79.92256,9.08255],[-79.92358,9.08082],[-79.92253,9.07653],[-79.92125,9.07637],[-79.92194,9.07203],[-79.92109,9.07313],[-79.91975,9.07269],[-79.92038,9.07747],[-79.91967,9.07794],[-79.92096,9.07946],[-79.91956,9.08011],[-79.91981,9.0814],[-79.91843,9.08115],[-79.91924,9.07905],[-79.9178,9.07702],[-79.9173,9.08028],[-79.91588,9.07903],[-79.91556,9.08227],[-79.91283,9.08198],[-79.91158,9.07882],[-79.91135,9.08263],[-79.90911,9.08215],[-79.90886,9.08374],[-79.90751,9.0826],[-79.90789,9.08472],[-79.90601,9.08636],[-79.90467,9.08626],[-79.90406,9.08398],[-79.89979,9.08369],[-79.90065,9.08544],[-79.90235,9.08532],[-79.90433,9.08769],[-79.90632,9.08787],[-79.90995,9.08558],[-79.91119,9.08609],[-79.9112,9.08814],[-79.9118,9.0849],[-79.91298,9.08636],[-79.91415,9.08636],[-79.91508,9.08718],[-79.91254,9.08775],[-79.91491,9.08835],[-79.91512,9.09046],[-79.91411,9.09169],[-79.91593,9.09169],[-79.9154,9.09393],[-79.91733,9.0917],[-79.91618,9.08943],[-79.91779,9.08854],[-79.9183,9.09045],[-79.92027,9.08856],[-79.92053,9.09176],[-79.91886,9.09317],[-79.91949,9.09503],[-79.91756,9.0964],[-79.91972,9.09619],[-79.91988,9.09697],[-79.91822,9.09849],[-79.92166,9.09939],[-79.92128,9.09697],[-79.9231,9.09683],[-79.92354,9.09773],[-79.92427,9.09697],[-79.9261,9.09955],[-79.9257,9.10364],[-79.92436,9.10303],[-79.9247,9.10114],[-79.92344,9.10308],[-79.92139,9.10129],[-79.92427,9.10457],[-79.92341,9.10498],[-79.92054,9.10359],[-79.92343,9.1056],[-79.92311,9.10676],[-79.91917,9.10519],[-79.9186,9.1039],[-79.91719,9.10454],[-79.91915,9.10587],[-79.91862,9.10698],[-79.92194,9.10739],[-79.92343,9.10903],[-79.9229,9.10981],[-79.92111,9.10831],[-79.92075,9.10947],[-79.92056,9.10848],[-79.91947,9.10894],[-79.91878,9.10801],[-79.91872,9.10923],[-79.92112,9.11064],[-79.92078,9.11174],[-79.922,9.11194],[-79.92138,9.11328],[-79.9189,9.1111],[-79.92032,9.11422],[-79.91758,9.11289],[-79.91838,9.11486],[-79.91583,9.11427],[-79.91539,9.11114],[-79.91592,9.11005],[-79.91701,9.11007],[-79.9168,9.1089],[-79.91579,9.10952],[-79.91538,9.10755],[-79.91408,9.10784],[-79.91335,9.10638],[-79.91289,9.10751],[-79.91486,9.11066],[-79.91425,9.1127],[-79.91202,9.10881],[-79.9109,9.10907],[-79.91042,9.10729],[-79.90989,9.10774],[-79.90829,9.10637],[-79.90996,9.10842],[-79.90932,9.10901],[-79.91166,9.10988],[-79.91083,9.11117],[-79.9123,9.11121],[-79.91411,9.11388],[-79.91355,9.11427],[-79.9111,9.11392],[-79.91013,9.11276],[-79.90909,9.11344],[-79.90567,9.11258],[-79.9058,9.11074],[-79.9046,9.1103],[-79.90241,9.1112],[-79.90547,9.11091],[-79.90542,9.11363],[-79.90738,9.1129],[-79.9075,9.11525],[-79.90813,9.11391],[-79.91183,9.11513],[-79.91147,9.11656],[-79.91228,9.11522],[-79.91418,9.11484],[-79.91451,9.11636],[-79.91591,9.11602],[-79.91565,9.1176],[-79.91329,9.1182],[-79.91272,9.11756],[-79.91029,9.119],[-79.91255,9.11819],[-79.91204,9.11956],[-79.91417,9.11844],[-79.91579,9.11913],[-79.91697,9.11675],[-79.9176,9.11756],[-79.91705,9.11988],[-79.91807,9.11882],[-79.91886,9.11984],[-79.91668,9.12138],[-79.92244,9.12093],[-79.92294,9.12251],[-79.92104,9.12161],[-79.91912,9.12279],[-79.91929,9.12384],[-79.91725,9.12373],[-79.91841,9.12429],[-79.91657,9.12548],[-79.91781,9.12521],[-79.91687,9.1273],[-79.9182,9.1266],[-79.91852,9.12497],[-79.9208,9.12382],[-79.92008,9.12647],[-79.92084,9.12785],[-79.92148,9.12613],[-79.92271,9.12626],[-79.9228,9.12794],[-79.92375,9.12815],[-79.92414,9.12678],[-79.92514,9.12743],[-79.92654,9.12516],[-79.92836,9.1265],[-79.92954,9.12453],[-79.92968,9.12714],[-79.93093,9.12609],[-79.93186,9.12677],[-79.93168,9.12794],[-79.93058,9.12716],[-79.93035,9.12838],[-79.92909,9.12865],[-79.93089,9.1298],[-79.93112,9.1316],[-79.92752,9.12723],[-79.92526,9.12883],[-79.92419,9.12844],[-79.92318,9.12927],[-79.92244,9.12828],[-79.91925,9.12915],[-79.91961,9.12993],[-79.91857,9.13098],[-79.91486,9.13034],[-79.91646,9.13049],[-79.91728,9.13173],[-79.91481,9.134],[-79.91365,9.13351],[-79.91421,9.13426],[-79.91278,9.13696],[-79.91317,9.13764],[-79.91432,9.13452],[-79.91728,9.13324],[-79.91781,9.13208],[-79.91854,9.13324],[-79.91847,9.13193],[-79.92166,9.13021],[-79.923,9.13163],[-79.92166,9.13292],[-79.92295,9.13236],[-79.92354,9.13316],[-79.92211,9.13387],[-79.92211,9.13458],[-79.92344,9.13449],[-79.92243,9.13658],[-79.92382,9.13658],[-79.92471,9.1323],[-79.9267,9.13338],[-79.92529,9.13471],[-79.92648,9.13594],[-79.92474,9.13656],[-79.92553,9.13797],[-79.92453,9.13816],[-79.92375,9.14065],[-79.92472,9.13993],[-79.92533,9.14088],[-79.92585,9.13877],[-79.92708,9.1396],[-79.92776,9.13815],[-79.92935,9.13848],[-79.92866,9.1402],[-79.93089,9.14015],[-79.93037,9.13909],[-79.93124,9.13692],[-79.93234,9.13745],[-79.93182,9.13936],[-79.93383,9.14035],[-79.93192,9.1404],[-79.9307,9.14161],[-79.93264,9.14131],[-79.93323,9.14181],[-79.93245,9.1424],[-79.93351,9.14297],[-79.93497,9.14094],[-79.93511,9.14177],[-79.93587,9.14121],[-79.9364,9.14236],[-79.9384,9.14284],[-79.93881,9.1441],[-79.93756,9.14459],[-79.93683,9.14311],[-79.93606,9.14336],[-79.93649,9.1445],[-79.93495,9.14288],[-79.93369,9.1435],[-79.9349,9.14429],[-79.93394,9.1451],[-79.93545,9.14481],[-79.93642,9.14595],[-79.93598,9.14684],[-79.93474,9.14636],[-79.93578,9.14763],[-79.93399,9.14807],[-79.93534,9.14858],[-79.93587,9.15119],[-79.9329,9.14886],[-79.93214,9.15039],[-79.9313,9.14893],[-79.9296,9.1486],[-79.9296,9.14756],[-79.93068,9.14714],[-79.93218,9.14815],[-79.93087,9.14613],[-79.9323,9.14598],[-79.93092,9.14565],[-79.93085,9.14426],[-79.93039,9.14673],[-79.92891,9.14736],[-79.92798,9.14626],[-79.92837,9.14433],[-79.92692,9.14545],[-79.92885,9.14835],[-79.92861,9.14992],[-79.92557,9.1471],[-79.92507,9.14802],[-79.92422,9.14662],[-79.92345,9.14771],[-79.9218,9.14689],[-79.92209,9.14563],[-79.92088,9.14701],[-79.91913,9.14642],[-79.92046,9.14691],[-79.92025,9.14799],[-79.92102,9.14704],[-79.9227,9.1477],[-79.92327,9.14947],[-79.92438,9.14866],[-79.92625,9.14899],[-79.92727,9.1507],[-79.92586,9.15162],[-79.92764,9.15142],[-79.92869,9.15232],[-79.92682,9.15285],[-79.92714,9.15377],[-79.92868,9.15364],[-79.92791,9.15452],[-79.92466,9.15421],[-79.92645,9.15523],[-79.92545,9.15531],[-79.92552,9.15636],[-79.92433,9.15617],[-79.92364,9.15715],[-79.92497,9.15703],[-79.92202,9.15915],[-79.92271,9.15975],[-79.92226,9.16102],[-79.92354,9.16042],[-79.92318,9.15909],[-79.92534,9.15876],[-79.92497,9.15804],[-79.92823,9.15621],[-79.92882,9.1564],[-79.9281,9.15753],[-79.92923,9.15567],[-79.93055,9.15847],[-79.93054,9.15569],[-79.93279,9.15537],[-79.93315,9.15824],[-79.93124,9.16167],[-79.93229,9.16147],[-79.93267,9.15988],[-79.93347,9.16221],[-79.93505,9.16271],[-79.93241,9.16444],[-79.93131,9.16363],[-79.93037,9.16499],[-79.92928,9.1634],[-79.92774,9.16422],[-79.92807,9.16287],[-79.92743,9.16356],[-79.92768,9.16251],[-79.92672,9.16239],[-79.92723,9.16469],[-79.92498,9.16434],[-79.92559,9.16505],[-79.92426,9.1661],[-79.92723,9.16543],[-79.92592,9.16663],[-79.92602,9.16865],[-79.92518,9.16973],[-79.92465,9.16725],[-79.92434,9.16803],[-79.9235,9.16766],[-79.92477,9.16855],[-79.9236,9.16865],[-79.92452,9.17036],[-79.92283,9.16943],[-79.92419,9.17181],[-79.92271,9.17122],[-79.92162,9.16823],[-79.92125,9.16968],[-79.92227,9.17225],[-79.92306,9.17186],[-79.92417,9.17312],[-79.92241,9.17359],[-79.92381,9.17446],[-79.91991,9.1778],[-79.91946,9.17475],[-79.92045,9.17348],[-79.91954,9.17246],[-79.91915,9.17365],[-79.91846,9.17293],[-79.91992,9.17062],[-79.91809,9.1703],[-79.91922,9.16845],[-79.91825,9.16903],[-79.9179,9.16742],[-79.91436,9.17015],[-79.91354,9.16915],[-79.91636,9.16822],[-79.91444,9.16735],[-79.91499,9.16608],[-79.91346,9.16657],[-79.91319,9.1656],[-79.91051,9.16791],[-79.90906,9.16696],[-79.91247,9.16462],[-79.91019,9.16513],[-79.91014,9.16364],[-79.91423,9.16331],[-79.91347,9.16224],[-79.91051,9.16304],[-79.91001,9.16117],[-79.91332,9.16064],[-79.90859,9.16083],[-79.90928,9.16318],[-79.90557,9.16204],[-79.9069,9.16187],[-79.90625,9.16121],[-79.90709,9.16058],[-79.90536,9.16088],[-79.90526,9.16017],[-79.90787,9.16025],[-79.90944,9.1589],[-79.91255,9.15917],[-79.91145,9.15815],[-79.91254,9.15607],[-79.91044,9.15843],[-79.90892,9.15788],[-79.90638,9.15919],[-79.90566,9.1589],[-79.90709,9.15734],[-79.9091,9.15634],[-79.91075,9.1568],[-79.90915,9.15572],[-79.90952,9.15497],[-79.9053,9.15755],[-79.90547,9.15636],[-79.9031,9.15631],[-79.90386,9.15534],[-79.90472,9.15573],[-79.90329,9.15344],[-79.90461,9.15434],[-79.90588,9.15363],[-79.90615,9.15555],[-79.90729,9.15519],[-79.90662,9.15411],[-79.90838,9.15459],[-79.90889,9.15393],[-79.90645,9.15334],[-79.90662,9.15241],[-79.90958,9.15279],[-79.91035,9.15483],[-79.9106,9.15352],[-79.91216,9.15268],[-79.91066,9.15296],[-79.90978,9.1517],[-79.90624,9.15134],[-79.90705,9.14999],[-79.91066,9.15063],[-79.90758,9.14973],[-79.90751,9.14845],[-79.91279,9.14849],[-79.90698,9.14747],[-79.90753,9.14666],[-79.90683,9.14509],[-79.90932,9.14595],[-79.90988,9.14459],[-79.91077,9.14503],[-79.91099,9.14368],[-79.90719,9.14462],[-79.90746,9.14092],[-79.90665,9.14045],[-79.90394,9.14161],[-79.90463,9.14317],[-79.90604,9.14301],[-79.90657,9.14412],[-79.90509,9.14492],[-79.90594,9.14676],[-79.90432,9.15216],[-79.90223,9.15243],[-79.90222,9.1509],[-79.90321,9.15133],[-79.90298,9.15042],[-79.90433,9.15049],[-79.90296,9.1493],[-79.90509,9.14794],[-79.90368,9.14637],[-79.90364,9.14352],[-79.90276,9.14329],[-79.90352,9.14262],[-79.90258,9.14224],[-79.90194,9.1432],[-79.90202,9.14091],[-79.90141,9.14273],[-79.90049,9.14255],[-79.90162,9.14462],[-79.90079,9.14411],[-79.9002,9.14483],[-79.89935,9.14384],[-79.90106,9.14569],[-79.8999,9.14621],[-79.89899,9.14468],[-79.89949,9.1469],[-79.89851,9.14845],[-79.89664,9.14777],[-79.89554,9.14596],[-79.89398,9.14608],[-79.89241,9.14352],[-79.89382,9.14639],[-79.89596,9.14763],[-79.89428,9.14799],[-79.89453,9.1488],[-79.89576,9.14836],[-79.89892,9.14974],[-79.89784,9.15031],[-79.89884,9.15258],[-79.89798,9.15321],[-79.89778,9.15156],[-79.89583,9.1511],[-79.89725,9.15248],[-79.89539,9.15357],[-79.89631,9.15379],[-79.89558,9.15485],[-79.89652,9.15721],[-79.89558,9.15789],[-79.8945,9.1561],[-79.89503,9.15751],[-79.89405,9.15822],[-79.89594,9.15909],[-79.89609,9.16009],[-79.89316,9.15878],[-79.89288,9.15944],[-79.89433,9.16009],[-79.89197,9.16182],[-79.89458,9.16081],[-79.89367,9.16171],[-79.8954,9.16158],[-79.89529,9.16463],[-79.89145,9.16542],[-79.88933,9.16242],[-79.8881,9.16263],[-79.89123,9.16659],[-79.8948,9.16657],[-79.89519,9.16806],[-79.89082,9.16751],[-79.89375,9.16926],[-79.89323,9.1704],[-79.89179,9.17006],[-79.89178,9.17134],[-79.89108,9.1695],[-79.89015,9.16938],[-79.89058,9.17106],[-79.88916,9.1716],[-79.88814,9.17397],[-79.88691,9.17384],[-79.8883,9.17448],[-79.89065,9.17277],[-79.89025,9.1735],[-79.89109,9.17419],[-79.88908,9.17511],[-79.89057,9.17517],[-79.8896,9.17612],[-79.8866,9.17606],[-79.88849,9.17719],[-79.88518,9.17769],[-79.885,9.1742],[-79.88404,9.1756],[-79.88445,9.17664],[-79.88295,9.17693],[-79.88269,9.178],[-79.88472,9.17782],[-79.88489,9.17904],[-79.88722,9.17849],[-79.88658,9.18065],[-79.88523,9.18062],[-79.88515,9.18199],[-79.88447,9.1805],[-79.88337,9.18056],[-79.8832,9.17899],[-79.88072,9.17842],[-79.88185,9.17641],[-79.88096,9.17729],[-79.8801,9.17657],[-79.88024,9.17438],[-79.88173,9.17511],[-79.88209,9.17356],[-79.88292,9.17427],[-79.88359,9.17362],[-79.883,9.17194],[-79.88465,9.17296],[-79.88416,9.17095],[-79.88602,9.17247],[-79.88711,9.17137],[-79.88906,9.17141],[-79.88857,9.16569],[-79.88595,9.1659],[-79.88578,9.16359],[-79.88334,9.16208],[-79.88473,9.16446],[-79.88253,9.16424],[-79.88191,9.163],[-79.88291,9.16501],[-79.88229,9.166],[-79.88431,9.16566],[-79.88493,9.16743],[-79.88354,9.16632],[-79.88178,9.16732],[-79.88075,9.16499],[-79.88126,9.16385],[-79.88036,9.16221],[-79.88151,9.16195],[-79.88087,9.16028],[-79.8821,9.15968],[-79.88141,9.1581],[-79.88302,9.15783],[-79.88108,9.15462],[-79.88143,9.15316],[-79.88283,9.15269],[-79.88188,9.1521],[-79.88287,9.15106],[-79.88193,9.1511],[-79.88217,9.1495],[-79.88298,9.14877],[-79.88385,9.14931],[-79.88275,9.14732],[-79.88294,9.14536],[-79.88209,9.14771],[-79.88063,9.14495],[-79.87953,9.14746],[-79.87699,9.14654],[-79.87719,9.14871],[-79.87637,9.14902],[-79.87617,9.146],[-79.8729,9.14555],[-79.87338,9.14471],[-79.87235,9.14401],[-79.87047,9.14549],[-79.87053,9.14363],[-79.8725,9.14273],[-79.86927,9.14157],[-79.87132,9.14003],[-79.87385,9.14074],[-79.87287,9.13808],[-79.87577,9.13628],[-79.87565,9.13917],[-79.87737,9.14007],[-79.87478,9.14135],[-79.8757,9.14285],[-79.87702,9.14191],[-79.87852,9.14294],[-79.87874,9.14139],[-79.87893,9.14313],[-79.87988,9.14337],[-79.88072,9.1408],[-79.87955,9.1398],[-79.87996,9.13824],[-79.88091,9.1376],[-79.88114,9.13937],[-79.883,9.13788],[-79.8808,9.13575],[-79.88145,9.13377],[-79.87857,9.13313],[-79.87775,9.13208],[-79.87961,9.13048],[-79.8788,9.12824],[-79.88019,9.12772],[-79.87862,9.12668],[-79.87732,9.1283],[-79.87576,9.12575],[-79.87445,9.12712],[-79.87387,9.12659],[-79.87494,9.12565],[-79.87398,9.12457],[-79.87812,9.12403],[-79.87758,9.1222],[-79.87672,9.12259],[-79.8768,9.12109],[-79.87477,9.1223],[-79.87336,9.1212],[-79.87216,9.12202],[-79.87123,9.12148],[-79.87573,9.11858],[-79.87425,9.11871],[-79.87407,9.11763],[-79.87069,9.11838],[-79.87096,9.11671],[-79.87214,9.11601],[-79.8713,9.1138],[-79.87477,9.11272],[-79.87138,9.11361],[-79.87199,9.11227],[-79.87088,9.11392],[-79.87059,9.11331],[-79.86804,9.11501],[-79.86709,9.1132],[-79.86502,9.11422],[-79.86436,9.11175],[-79.86415,9.11423],[-79.86311,9.1143],[-79.86361,9.11532],[-79.8622,9.11503],[-79.86174,9.11636],[-79.8613,9.11561],[-79.86175,9.11672],[-79.86367,9.11624],[-79.86446,9.11759],[-79.86386,9.11902],[-79.8608,9.11748],[-79.86117,9.11919],[-79.86282,9.12056],[-79.86249,9.1214],[-79.86123,9.12074],[-79.86132,9.12253],[-79.86324,9.12234],[-79.86322,9.12397],[-79.86187,9.12406],[-79.86481,9.12876],[-79.86316,9.13138],[-79.86084,9.13221],[-79.85851,9.13102],[-79.8574,9.12732],[-79.85597,9.12901],[-79.85476,9.1284],[-79.85458,9.12725],[-79.8555,9.12789],[-79.85678,9.12707],[-79.8544,9.12463],[-79.85325,9.12821],[-79.85135,9.1282],[-79.8523,9.12943],[-79.84983,9.12847],[-79.85293,9.12501],[-79.85221,9.12436],[-79.85117,9.12501],[-79.8507,9.12386],[-79.84915,9.12414],[-79.84946,9.12221],[-79.84765,9.12219],[-79.84681,9.12021],[-79.84595,9.12049],[-79.8465,9.12254],[-79.8455,9.12207],[-79.84474,9.12313],[-79.84449,9.12225],[-79.8433,9.12379],[-79.84438,9.12581],[-79.84216,9.12627],[-79.83801,9.12364],[-79.83867,9.12511],[-79.83735,9.12744],[-79.83755,9.12551],[-79.83663,9.12418],[-79.83719,9.12031],[-79.83561,9.12243],[-79.83429,9.12211],[-79.83523,9.12046],[-79.83428,9.12054],[-79.83408,9.11959],[-79.83507,9.11876],[-79.8331,9.11914],[-79.83419,9.11712],[-79.83346,9.11764],[-79.83214,9.11545],[-79.83264,9.11815],[-79.83159,9.11771],[-79.83146,9.11881],[-79.83067,9.11862],[-79.83268,9.12133],[-79.83353,9.12107],[-79.83167,9.12475],[-79.83265,9.12491],[-79.83813,9.13384],[-79.83562,9.13371],[-79.83578,9.13218],[-79.83348,9.13203],[-79.83281,9.13116],[-79.83107,9.13342],[-79.83076,9.13218],[-79.82863,9.13118],[-79.82863,9.12833],[-79.82683,9.12896],[-79.82471,9.12615],[-79.82552,9.12572],[-79.82453,9.12546],[-79.82478,9.12411],[-79.82336,9.12405],[-79.82354,9.11943],[-79.82291,9.12167],[-79.81934,9.11861],[-79.82059,9.11431],[-79.82153,9.1147],[-79.8233,9.11186],[-79.82228,9.111],[-79.82337,9.10939],[-79.822,9.10837],[-79.82277,9.10553],[-79.82475,9.10629],[-79.82543,9.10571],[-79.82697,9.10897],[-79.82902,9.10659],[-79.82652,9.10708],[-79.82518,9.10468],[-79.82329,9.10446],[-79.8245,9.10368],[-79.82355,9.10314],[-79.82434,9.10097],[-79.82316,9.10267],[-79.82139,9.10198],[-79.82244,9.10308],[-79.8209,9.1059],[-79.82217,9.11216],[-79.82167,9.11333],[-79.81924,9.11419],[-79.81793,9.11761],[-79.81574,9.11991],[-79.81373,9.1202],[-79.81484,9.12142],[-79.81401,9.12194],[-79.80876,9.11943],[-79.80882,9.11829],[-79.8099,9.11863],[-79.80902,9.11723],[-79.80949,9.11243],[-79.80569,9.11044],[-79.80905,9.10796],[-79.80719,9.10775],[-79.80398,9.10106],[-79.80528,9.10147],[-79.81114,9.09903],[-79.81421,9.09555],[-79.81558,9.09499],[-79.81592,9.09596],[-79.81784,9.09412],[-79.8183,9.09536],[-79.81958,9.09506],[-79.8215,9.09733],[-79.82253,9.09727],[-79.82083,9.09569],[-79.82336,9.09461],[-79.82178,9.09421],[-79.82167,9.09278],[-79.82555,9.09114],[-79.8216,9.0899],[-79.82027,9.08774],[-79.81777,9.08876],[-79.81997,9.08666],[-79.81908,9.08386],[-79.82189,9.08346],[-79.82181,9.08251],[-79.82323,9.08206],[-79.82566,9.07846],[-79.82703,9.0785],[-79.82837,9.08117],[-79.82834,9.0835],[-79.82688,9.08434],[-79.82822,9.08437],[-79.82806,9.08533],[-79.82888,9.08413],[-79.83012,9.08565],[-79.8302,9.08462],[-79.83094,9.08469],[-79.83109,9.08744],[-79.83159,9.08439],[-79.83258,9.08394],[-79.83493,9.08788],[-79.83437,9.08468],[-79.8331,9.08299],[-79.83521,9.08243],[-79.83577,9.08436],[-79.83612,9.08326],[-79.83903,9.08315],[-79.83634,9.0827],[-79.83701,9.08115],[-79.83499,9.08098],[-79.83457,9.08169],[-79.83159,9.08158],[-79.83101,9.08431],[-79.82897,9.0834],[-79.82937,9.08081],[-79.82742,9.07899],[-79.82942,9.07861],[-79.8299,9.07962],[-79.83049,9.07875],[-79.83235,9.08005],[-79.83176,9.07872],[-79.83345,9.0788],[-79.8322,9.07757],[-79.83359,9.07698],[-79.83278,9.0749],[-79.83364,9.07339],[-79.83188,9.07636],[-79.83018,9.07398],[-79.83084,9.07595],[-79.82887,9.07812],[-79.82723,9.07854],[-79.82599,9.07757],[-79.82558,9.07395],[-79.82641,9.07146],[-79.82795,9.07145],[-79.82806,9.07057],[-79.82672,9.07081],[-79.82568,9.06742],[-79.82777,9.06314],[-79.82971,9.06269],[-79.83084,9.06353],[-79.82966,9.06796],[-79.83046,9.06823],[-79.83043,9.07032],[-79.83155,9.06902],[-79.83217,9.06547],[-79.83538,9.06886],[-79.83616,9.06712],[-79.83659,9.07057],[-79.83765,9.0696],[-79.83858,9.06997],[-79.8393,9.07285],[-79.83978,9.06967],[-79.84148,9.07052],[-79.8424,9.07308],[-79.84231,9.07053],[-79.84379,9.07012],[-79.84141,9.06923],[-79.84134,9.06841],[-79.83887,9.06808],[-79.83889,9.06674],[-79.84132,9.06708],[-79.84123,9.06542],[-79.84029,9.06561],[-79.83701,9.06246],[-79.83763,9.06104],[-79.83856,9.06114],[-79.8399,9.06379],[-79.84195,9.06081],[-79.84201,9.06363],[-79.84386,9.06538],[-79.84317,9.06662],[-79.84447,9.06665],[-79.84528,9.06804],[-79.84618,9.06463],[-79.84755,9.06819],[-79.84932,9.0682],[-79.84734,9.07071],[-79.84796,9.07175],[-79.85123,9.06947],[-79.8511,9.07189],[-79.85201,9.0722],[-79.85395,9.06898],[-79.85332,9.06656],[-79.85487,9.06474],[-79.85615,9.06585],[-79.85505,9.06745],[-79.85622,9.06723],[-79.85655,9.06814],[-79.8575,9.0655],[-79.86107,9.0655],[-79.86137,9.06431],[-79.8583,9.06399],[-79.85791,9.06268],[-79.85651,9.06345],[-79.85607,9.0593],[-79.85717,9.06112],[-79.85735,9.05993],[-79.86051,9.0609],[-79.86055,9.06227],[-79.86369,9.05898],[-79.86258,9.06333],[-79.86348,9.0653],[-79.86445,9.06459],[-79.86498,9.06556],[-79.86353,9.06712],[-79.86496,9.0688],[-79.8666,9.06823],[-79.86625,9.07077],[-79.86825,9.06984],[-79.86874,9.07499],[-79.86965,9.07403],[-79.86854,9.0742],[-79.86897,9.07211],[-79.87084,9.07215],[-79.87115,9.07004],[-79.87353,9.07261],[-79.87495,9.07206],[-79.87512,9.07435],[-79.87773,9.07483],[-79.87596,9.07341],[-79.87699,9.07259],[-79.88044,9.0743],[-79.87874,9.07304],[-79.88043,9.07096],[-79.87826,9.07208],[-79.87364,9.07029],[-79.87326,9.06789],[-79.8755,9.06675],[-79.87544,9.0653],[-79.874,9.06459],[-79.87606,9.06265],[-79.87447,9.06133],[-79.87416,9.05818],[-79.87502,9.05728],[-79.87231,9.05998],[-79.87166,9.06356],[-79.87306,9.06419],[-79.87193,9.06507],[-79.87282,9.0653],[-79.8725,9.06644],[-79.87168,9.06589],[-79.87064,9.06658],[-79.871,9.06547],[-79.86985,9.06535],[-79.87003,9.06392],[-79.86859,9.0631],[-79.86889,9.06127],[-79.86638,9.05848],[-79.86699,9.05714],[-79.86462,9.05599],[-79.86477,9.05507],[-79.86578,9.05578],[-79.86756,9.05437],[-79.86852,9.05484],[-79.86685,9.05278],[-79.87015,9.05008],[-79.86902,9.04829],[-79.86963,9.04751],[-79.86767,9.04887],[-79.86674,9.048],[-79.86776,9.04609],[-79.86316,9.04757],[-79.86173,9.04685],[-79.86151,9.04815],[-79.86493,9.05007],[-79.8645,9.05202],[-79.86238,9.05285],[-79.86291,9.05421],[-79.8621,9.05519],[-79.85981,9.05342],[-79.86217,9.05103],[-79.86211,9.04985],[-79.85977,9.0511],[-79.86034,9.04906],[-79.85971,9.04841],[-79.85793,9.04959],[-79.85812,9.05169],[-79.85652,9.05181],[-79.85822,9.05429],[-79.85593,9.05699],[-79.85566,9.05536],[-79.85423,9.05523],[-79.85552,9.05393],[-79.85401,9.05389],[-79.85311,9.05266],[-79.85532,9.05012],[-79.85142,9.05209],[-79.84983,9.05074],[-79.85038,9.04936],[-79.85183,9.04922],[-79.8526,9.04713],[-79.84969,9.04752],[-79.84967,9.04634],[-79.8535,9.04448],[-79.85005,9.04444],[-79.85025,9.04199],[-79.85151,9.04256],[-79.85394,9.04167],[-79.84995,9.04019],[-79.84888,9.03796],[-79.84967,9.03752],[-79.84901,9.03654],[-79.84813,9.03741],[-79.84768,9.03664],[-79.84806,9.03511],[-79.84692,9.03684],[-79.84783,9.03715],[-79.84699,9.03708],[-79.84634,9.04224],[-79.84535,9.04171],[-79.84439,9.03807],[-79.84329,9.04054],[-79.84431,9.04302],[-79.84259,9.04434],[-79.84421,9.0443],[-79.84353,9.04517],[-79.84536,9.04755],[-79.84442,9.04911],[-79.84164,9.04673],[-79.84179,9.04921],[-79.8435,9.05177],[-79.84225,9.0525],[-79.84015,9.0478],[-79.83874,9.04914],[-79.83955,9.05046],[-79.83876,9.05133],[-79.83987,9.0524],[-79.83715,9.05274],[-79.83647,9.05169],[-79.83505,9.05375],[-79.83321,9.05091],[-79.83306,9.04826],[-79.83391,9.04763],[-79.83539,9.04833],[-79.83554,9.04725],[-79.83836,9.04578],[-79.83617,9.04553],[-79.83587,9.04308],[-79.83697,9.04308],[-79.83298,9.04016],[-79.83284,9.0374],[-79.83407,9.03738],[-79.83476,9.03613],[-79.83166,9.03681],[-79.83105,9.03596],[-79.83228,9.03432],[-79.83176,9.03338],[-79.83275,9.02996],[-79.83073,9.02916],[-79.8317,9.02938],[-79.83261,9.03147],[-79.83072,9.03467],[-79.83036,9.03192],[-79.82972,9.03374],[-79.83058,9.03613],[-79.8267,9.03847],[-79.82724,9.03463],[-79.82622,9.03386],[-79.82701,9.03631],[-79.82576,9.03907],[-79.82444,9.03967],[-79.82441,9.04134],[-79.8252,9.04415],[-79.8264,9.04285],[-79.8275,9.04471],[-79.82613,9.04625],[-79.82766,9.04713],[-79.8274,9.0512],[-79.83078,9.05246],[-79.83186,9.05571],[-79.82838,9.06158],[-79.82553,9.06216],[-79.82658,9.05087],[-79.82577,9.05086],[-79.8253,9.05525],[-79.82346,9.05434],[-79.82257,9.05586],[-79.82147,9.0555],[-79.82413,9.05668],[-79.82239,9.06177],[-79.82382,9.06401],[-79.82199,9.06369],[-79.8232,9.06771],[-79.8222,9.06769],[-79.82306,9.06907],[-79.82226,9.06944],[-79.82355,9.06994],[-79.82394,9.07165],[-79.82051,9.06961],[-79.8199,9.06743],[-79.81976,9.06951],[-79.8183,9.06938],[-79.82038,9.0705],[-79.81977,9.0712],[-79.82089,9.07103],[-79.82019,9.07218],[-79.82297,9.07291],[-79.82377,9.07498],[-79.82292,9.07718],[-79.82045,9.07454],[-79.82143,9.07783],[-79.82019,9.07849],[-79.82035,9.08008],[-79.81914,9.08137],[-79.8165,9.08168],[-79.81566,9.07907],[-79.8166,9.07765],[-79.8159,9.07809],[-79.8144,9.07705],[-79.81224,9.07966],[-79.81227,9.07772],[-79.81084,9.07879],[-79.8125,9.07285],[-79.81095,9.07413],[-79.81089,9.07561],[-79.80913,9.07609],[-79.80878,9.07508],[-79.80896,9.07289],[-79.81027,9.0732],[-79.8102,9.06983],[-79.81133,9.06832],[-79.80957,9.07027],[-79.80817,9.06973],[-79.81059,9.06545],[-79.81277,9.06475],[-79.81051,9.06487],[-79.81123,9.06286],[-79.80995,9.06457],[-79.80876,9.06399],[-79.80769,9.06091],[-79.80923,9.06097],[-79.8099,9.06007],[-79.80847,9.06015],[-79.80685,9.05716],[-79.80224,9.05474],[-79.80339,9.0537],[-79.80256,9.05369],[-79.80236,9.05215],[-79.80172,9.05477],[-79.79976,9.05359],[-79.80011,9.05562],[-79.80246,9.05576],[-79.80719,9.05968],[-79.80826,9.06448],[-79.80935,9.06558],[-79.80831,9.066],[-79.80847,9.06764],[-79.80712,9.06627],[-79.80585,9.06771],[-79.80162,9.06827],[-79.80485,9.06818],[-79.80751,9.07004],[-79.80703,9.0718],[-79.80425,9.07154],[-79.80677,9.07309],[-79.80572,9.07398],[-79.80642,9.07597],[-79.80406,9.07622],[-79.80333,9.07499],[-79.80328,9.07692],[-79.80177,9.07666],[-79.80442,9.0774],[-79.8021,9.07871],[-79.80415,9.07881],[-79.80387,9.08027],[-79.80081,9.07967],[-79.79685,9.08198],[-79.79329,9.08271],[-79.79315,9.08376],[-79.79164,9.08421],[-79.78981,9.08293],[-79.7887,9.08409],[-79.78971,9.08355],[-79.79025,9.08489],[-79.79315,9.08501],[-79.79354,9.08731],[-79.7948,9.08375],[-79.79863,9.08168],[-79.79888,9.08245],[-79.80057,9.08155],[-79.8021,9.08301],[-79.80365,9.08284],[-79.80398,9.08355],[-79.80299,9.08412],[-79.80434,9.08451],[-79.80736,9.08158],[-79.80779,9.07946],[-79.80891,9.08373],[-79.81056,9.08269],[-79.8119,9.08517],[-79.81057,9.08549],[-79.8096,9.08811],[-79.81457,9.08717],[-79.81446,9.09025],[-79.81335,9.0914],[-79.81185,9.09071],[-79.81234,9.09359],[-79.81373,9.09454],[-79.80768,9.09792],[-79.80591,9.09687],[-79.80683,9.09611],[-79.80594,9.09089],[-79.808,9.08845],[-79.80564,9.08666],[-79.80551,9.09022],[-79.8037,9.09121],[-79.80205,9.08901],[-79.80237,9.08998],[-79.80114,9.09107],[-79.80492,9.09282],[-79.80468,9.09641],[-79.80162,9.09895],[-79.79944,9.09671],[-79.79786,9.09942],[-79.79909,9.10207],[-79.79767,9.10261],[-79.79689,9.10438],[-79.79752,9.105],[-79.79855,9.10437],[-79.79836,9.10664],[-79.79962,9.10609],[-79.7995,9.10877],[-79.79792,9.10869],[-79.79844,9.1101],[-79.79938,9.10972],[-79.8009,9.11106],[-79.79937,9.11212],[-79.79706,9.11197],[-79.79877,9.11238],[-79.79971,9.11673],[-79.79465,9.11489],[-79.79444,9.11343],[-79.79342,9.1138],[-79.79423,9.11005],[-79.79369,9.10797],[-79.79717,9.10764],[-79.79616,9.10641],[-79.79542,9.10673],[-79.79485,9.1052],[-79.79707,9.10066],[-79.79532,9.09877],[-79.79471,9.10231],[-79.79338,9.09902],[-79.79494,9.09734],[-79.79608,9.09806],[-79.79726,9.09077],[-79.79561,9.09191],[-79.79473,9.09046],[-79.79521,9.08882],[-79.79383,9.08804],[-79.79211,9.09018],[-79.79328,9.09068],[-79.79369,9.09305],[-79.79186,9.09184],[-79.79433,9.0954],[-79.79405,9.09709],[-79.79109,9.0946],[-79.79093,9.09577],[-79.79241,9.09685],[-79.79141,9.09721],[-79.79262,9.09823],[-79.79093,9.09873],[-79.78938,9.09651],[-79.79078,9.09614],[-79.78861,9.09633],[-79.78727,9.09447],[-79.78826,9.09581],[-79.78761,9.09655],[-79.78969,9.09721],[-79.79059,9.0997],[-79.7886,9.09908],[-79.7871,9.10091],[-79.78533,9.10086],[-79.78409,9.0998],[-79.78391,9.09752],[-79.78297,9.09816],[-79.78238,9.10152],[-79.78385,9.10231],[-79.78328,9.1035],[-79.78427,9.10303],[-79.78759,9.10498],[-79.78469,9.10486],[-79.7858,9.10626],[-79.78825,9.10627],[-79.78824,9.10756],[-79.78712,9.10775],[-79.78921,9.10977],[-79.78655,9.11088],[-79.7846,9.11353],[-79.78331,9.11282],[-79.78361,9.1114],[-79.78046,9.10946],[-79.78001,9.1101],[-79.78094,9.11066],[-79.77938,9.11246],[-79.77854,9.11227],[-79.77882,9.11139],[-79.77816,9.11209],[-79.7754,9.11159],[-79.77641,9.11013],[-79.77386,9.1075],[-79.77749,9.1074],[-79.77525,9.10685],[-79.77519,9.10503],[-79.77396,9.10451],[-79.77481,9.10254],[-79.774,9.10125],[-79.77539,9.09994],[-79.77456,9.09783],[-79.77327,9.10088],[-79.77105,9.10254],[-79.77222,9.10359],[-79.77136,9.1049],[-79.76824,9.10606],[-79.76535,9.10441],[-79.76696,9.10013],[-79.76218,9.10155],[-79.76076,9.09972],[-79.76112,9.09868],[-79.76277,9.09837],[-79.76198,9.09756],[-79.76284,9.09743],[-79.76356,9.09474],[-79.76205,9.09506],[-79.76122,9.09663],[-79.75961,9.09464],[-79.76051,9.09789],[-79.75935,9.09838],[-79.75956,9.10208],[-79.75488,9.09709],[-79.75485,9.09533],[-79.7523,9.095],[-79.75198,9.09578],[-79.74914,9.09328],[-79.74926,9.09445],[-79.75272,9.09696],[-79.75172,9.0975],[-79.75286,9.09827],[-79.75294,9.1],[-79.75743,9.10267],[-79.75738,9.10437],[-79.7595,9.10612],[-79.75906,9.10721],[-79.76227,9.10636],[-79.76439,9.11025],[-79.76289,9.1122],[-79.75995,9.11116],[-79.75959,9.11433],[-79.7565,9.11546],[-79.75659,9.11674],[-79.75509,9.11789],[-79.75236,9.11856],[-79.75013,9.11693],[-79.75136,9.10899],[-79.74644,9.10635],[-79.74516,9.10813],[-79.74838,9.11012],[-79.74759,9.11239],[-79.74662,9.11237],[-79.74556,9.10985],[-79.74443,9.10953],[-79.74459,9.11058],[-79.74361,9.11083],[-79.74336,9.1087],[-79.7417,9.11084],[-79.74294,9.11162],[-79.7436,9.11502],[-79.74491,9.11581],[-79.744,9.11655],[-79.74497,9.11887],[-79.73952,9.11814],[-79.73691,9.11637],[-79.73509,9.11677],[-79.73253,9.11497],[-79.72921,9.11589],[-79.72806,9.11449],[-79.72362,9.11671],[-79.72036,9.11498],[-79.7216,9.11435],[-79.72159,9.11336],[-79.71904,9.1148],[-79.71744,9.11341],[-79.71432,9.11279],[-79.71263,9.11313],[-79.71266,9.11416],[-79.70969,9.11417],[-79.70764,9.11368],[-79.7071,9.11233],[-79.70188,9.10933],[-79.69783,9.109],[-79.69106,9.10417],[-79.67951,9.08456],[-79.67363,9.07014],[-79.6709,9.06606],[-79.65955,9.05657],[-79.64303,9.03627],[-79.62582,9.02214],[-79.62038,9.01688],[-79.61708,9.012],[-79.61428,9.01016],[-79.61373,9.01094],[-79.59535,8.98721],[-79.59318,8.98643],[-79.59551,8.98951],[-79.59262,8.98589],[-79.5923,8.98825],[-79.61212,9.01346],[-79.62349,9.02319],[-79.61395,9.01756],[-79.61725,9.02095],[-79.61365,9.01793],[-79.61466,9.02032],[-79.61852,9.02372],[-79.62992,9.02919],[-79.64097,9.03756],[-79.65646,9.05808],[-79.66445,9.06378],[-79.67046,9.06996],[-79.67839,9.08774],[-79.68941,9.10712],[-79.69477,9.11154],[-79.69098,9.1136],[-79.68754,9.11232],[-79.68732,9.11123],[-79.6868,9.11201],[-79.68529,9.11144],[-79.68561,9.11477],[-79.6843,9.11567],[-79.68323,9.1147],[-79.68274,9.11762],[-79.6794,9.11955],[-79.68163,9.11922],[-79.68299,9.12045],[-79.68247,9.11883],[-79.68609,9.11997],[-79.68503,9.12195],[-79.68171,9.12305],[-79.68148,9.12405],[-79.68478,9.12508],[-79.68493,9.1272],[-79.68653,9.12839],[-79.68675,9.1308],[-79.68813,9.13223],[-79.68779,9.13438],[-79.69083,9.1338],[-79.69003,9.13241],[-79.69274,9.13352],[-79.693,9.13191],[-79.69401,9.13204],[-79.69289,9.1286],[-79.69379,9.12664],[-79.69036,9.12214],[-79.68944,9.11762],[-79.69097,9.11653],[-79.69128,9.11876],[-79.69187,9.11707],[-79.6927,9.11801],[-79.69177,9.11554],[-79.69321,9.11555],[-79.69592,9.11348],[-79.6977,9.11318],[-79.70273,9.11639],[-79.70345,9.11578],[-79.70331,9.11686],[-79.70714,9.11651],[-79.707,9.11736],[-79.70538,9.11715],[-79.70589,9.1184],[-79.70851,9.11856],[-79.70873,9.11673],[-79.70945,9.11859],[-79.71734,9.11863],[-79.72079,9.12105],[-79.72452,9.12016],[-79.72981,9.12065],[-79.73457,9.12329],[-79.73979,9.12212],[-79.74612,9.12331],[-79.75317,9.12304],[-79.75791,9.12151],[-79.76581,9.11703],[-79.77115,9.11631]],[[-79.92339,9.10628],[-79.92416,9.10736],[-79.92521,9.10715],[-79.92485,9.10934],[-79.92589,9.1085],[-79.92618,9.11025],[-79.92764,9.11032],[-79.92646,9.1125],[-79.92853,9.11227],[-79.929,9.10968],[-79.92697,9.10779],[-79.92801,9.10681],[-79.92606,9.10682],[-79.92505,9.10552],[-79.92339,9.10628]],[[-79.99455,9.08398],[-79.99178,9.08063],[-79.99361,9.0852],[-79.99312,9.08646],[-79.99561,9.0848],[-79.99733,9.0856],[-79.99775,9.08445],[-80.00169,9.08534],[-80.00554,9.08457],[-80.00496,9.08636],[-80.00624,9.08799],[-80.00748,9.08735],[-80.00618,9.08642],[-80.00687,9.08206],[-80.00497,9.07894],[-80.00309,9.07868],[-80.0024,9.07952],[-80.00442,9.08053],[-80.00531,9.08252],[-80.00469,9.08326],[-80.00244,9.0814],[-80.00171,9.08186],[-80.00255,9.08383],[-80.00036,9.08355],[-79.99982,9.08139],[-79.99892,9.08291],[-79.99669,9.07884],[-79.99717,9.08296],[-79.99455,9.08398]],[[-80.00146,9.06957],[-80.00321,9.06902],[-80.00425,9.0723],[-80.00426,9.06898],[-80.0031,9.0678],[-80.0012,9.06817],[-80.00011,9.06614],[-80.00175,9.06657],[-80.00088,9.06514],[-80.00145,9.06435],[-80.0052,9.06802],[-80.00536,9.06632],[-80.00293,9.06462],[-80.00235,9.0627],[-80.00337,9.06229],[-80.00292,9.06116],[-80.00407,9.06159],[-80.0044,9.06449],[-80.00553,9.06464],[-80.00543,9.06365],[-80.00671,9.06324],[-80.00523,9.06172],[-80.00724,9.06199],[-80.00676,9.06105],[-80.00767,9.06097],[-80.00586,9.06023],[-80.00641,9.0596],[-80.00558,9.05916],[-80.00462,9.05966],[-80.00471,9.05851],[-80.00352,9.05857],[-80.00325,9.05698],[-80.00164,9.05561],[-80.00228,9.05743],[-79.9989,9.05688],[-79.99876,9.05792],[-80.00177,9.05902],[-80.00212,9.06024],[-79.99731,9.0635],[-80.00026,9.0638],[-79.99786,9.06604],[-79.99932,9.06798],[-79.99825,9.06779],[-79.99834,9.06873],[-79.99713,9.06894],[-79.99831,9.07079],[-79.99527,9.06954],[-79.99466,9.07031],[-79.99607,9.07125],[-79.99522,9.07196],[-79.99596,9.07285],[-79.99708,9.07133],[-79.99793,9.07233],[-79.99911,9.07155],[-80.00137,9.07415],[-80.00219,9.07236],[-80.00116,9.07133],[-80.00252,9.07056],[-79.99979,9.07019],[-80.00146,9.06957]],[[-79.99236,9.08537],[-79.98992,9.08237],[-79.98966,9.08384],[-79.99214,9.08697],[-79.99117,9.08794],[-79.98793,9.08669],[-79.9867,9.08707],[-79.98655,9.08853],[-79.98854,9.08782],[-79.98815,9.08942],[-79.99003,9.08964],[-79.99041,9.08838],[-79.99203,9.08849],[-79.99314,9.09061],[-79.99303,9.08813],[-79.99397,9.08851],[-79.99517,9.08756],[-79.99232,9.08709],[-79.99236,9.08537]],[[-79.993,9.04888],[-79.99191,9.04968],[-79.99018,9.04884],[-79.98875,9.04985],[-79.98977,9.0509],[-79.98787,9.05082],[-79.9879,9.05226],[-79.99012,9.05229],[-79.98905,9.05358],[-79.98963,9.05571],[-79.98824,9.05719],[-79.98893,9.05942],[-79.99024,9.05997],[-79.99027,9.05531],[-79.9915,9.05523],[-79.99067,9.05404],[-79.99249,9.05233],[-79.993,9.04888]],[[-79.86275,9.28824],[-79.86292,9.28925],[-79.86136,9.28936],[-79.86092,9.29091],[-79.86389,9.29184],[-79.86421,9.29077],[-79.86565,9.29175],[-79.8639,9.28669],[-79.8633,9.28692],[-79.86404,9.28834],[-79.86275,9.28824]],[[-79.78497,9.26343],[-79.78641,9.2631],[-79.78615,9.2624],[-79.78764,9.26139],[-79.78533,9.26225],[-79.78414,9.26176],[-79.78522,9.25966],[-79.78402,9.25966],[-79.78403,9.25827],[-79.78546,9.25839],[-79.78403,9.25743],[-79.78273,9.25777],[-79.78217,9.25857],[-79.7831,9.26162],[-79.78046,9.26246],[-79.78438,9.26408],[-79.78497,9.26343]],[[-79.85084,9.17684],[-79.85087,9.17589],[-79.84884,9.17624],[-79.84491,9.1805],[-79.84762,9.18134],[-79.85191,9.17899],[-79.85228,9.17772],[-79.85084,9.17684]],[[-79.84364,9.14323],[-79.84376,9.1442],[-79.84251,9.14383],[-79.84242,9.14705],[-79.84199,9.14447],[-79.84046,9.14678],[-79.83953,9.14605],[-79.84239,9.14327],[-79.84206,9.14237],[-79.83863,9.14541],[-79.83609,9.14193],[-79.83701,9.14633],[-79.83637,9.14668],[-79.83736,9.14762],[-79.83869,9.14734],[-79.83944,9.14874],[-79.83629,9.14856],[-79.83381,9.14612],[-79.83153,9.14673],[-79.82998,9.14889],[-79.8276,9.14594],[-79.82743,9.14463],[-79.82935,9.14132],[-79.82875,9.13957],[-79.82656,9.14169],[-79.82524,9.14548],[-79.82561,9.14717],[-79.82715,9.14637],[-79.82752,9.14795],[-79.82531,9.14854],[-79.82548,9.14977],[-79.8278,9.15149],[-79.82431,9.15133],[-79.82368,9.15271],[-79.82439,9.15311],[-79.82265,9.15292],[-79.82,9.15672],[-79.8191,9.16009],[-79.82051,9.16266],[-79.82429,9.1639],[-79.82456,9.16552],[-79.82704,9.16434],[-79.82846,9.16478],[-79.82986,9.16337],[-79.82897,9.16242],[-79.83105,9.16193],[-79.83118,9.1629],[-79.83271,9.16278],[-79.83121,9.16465],[-79.83169,9.1657],[-79.83313,9.16368],[-79.83381,9.16468],[-79.83459,9.16406],[-79.83435,9.16286],[-79.8365,9.16415],[-79.83714,9.16369],[-79.83605,9.16611],[-79.83785,9.1674],[-79.83615,9.16778],[-79.83358,9.17466],[-79.83447,9.17524],[-79.83658,9.17426],[-79.83715,9.17261],[-79.83969,9.17351],[-79.8405,9.17283],[-79.83995,9.17146],[-79.84085,9.16887],[-79.84185,9.16877],[-79.84126,9.17155],[-79.84252,9.17374],[-79.84422,9.17352],[-79.84256,9.17472],[-79.84376,9.17958],[-79.84539,9.1795],[-79.84457,9.17838],[-79.84555,9.17823],[-79.84673,9.17595],[-79.84568,9.17557],[-79.84706,9.17442],[-79.84566,9.17278],[-79.84646,9.17246],[-79.84809,9.17417],[-79.8469,9.1718],[-79.84858,9.16894],[-79.84931,9.17322],[-79.85048,9.17293],[-79.85455,9.17681],[-79.85612,9.17686],[-79.85749,9.17494],[-79.85487,9.17433],[-79.85672,9.17269],[-79.85387,9.17142],[-79.85609,9.17068],[-79.85416,9.17048],[-79.85298,9.16856],[-79.85436,9.16668],[-79.85516,9.1678],[-79.85449,9.16924],[-79.85631,9.16858],[-79.8573,9.16984],[-79.85896,9.16988],[-79.85944,9.16806],[-79.85831,9.16639],[-79.8596,9.16499],[-79.86019,9.16663],[-79.86251,9.16463],[-79.8629,9.16551],[-79.86152,9.1683],[-79.86297,9.16764],[-79.86239,9.16886],[-79.86362,9.16945],[-79.8615,9.16969],[-79.86317,9.16988],[-79.86313,9.17089],[-79.86099,9.17252],[-79.86154,9.17467],[-79.86285,9.17569],[-79.86335,9.17241],[-79.86533,9.17029],[-79.86461,9.17302],[-79.86523,9.17464],[-79.86657,9.17421],[-79.86617,9.17185],[-79.86733,9.17149],[-79.86779,9.17292],[-79.87022,9.17147],[-79.87001,9.1699],[-79.86729,9.17058],[-79.86575,9.16984],[-79.86635,9.16522],[-79.86443,9.16376],[-79.86465,9.16313],[-79.86755,9.1636],[-79.86731,9.16546],[-79.86858,9.16414],[-79.86817,9.16192],[-79.86664,9.16136],[-79.86843,9.16059],[-79.86931,9.15885],[-79.86795,9.15122],[-79.86908,9.15119],[-79.86936,9.14975],[-79.87071,9.14971],[-79.86992,9.14826],[-79.8681,9.14925],[-79.86648,9.14699],[-79.86771,9.14489],[-79.86549,9.14527],[-79.86531,9.14399],[-79.86635,9.14334],[-79.86578,9.14218],[-79.86342,9.14378],[-79.86217,9.1435],[-79.86129,9.14133],[-79.85978,9.14076],[-79.86105,9.13951],[-79.85746,9.1402],[-79.85683,9.1394],[-79.85541,9.13969],[-79.85504,9.14132],[-79.85431,9.13988],[-79.85391,9.14226],[-79.85115,9.14188],[-79.84987,9.14318],[-79.84986,9.14165],[-79.85151,9.14019],[-79.85203,9.13812],[-79.84811,9.13551],[-79.84845,9.13362],[-79.84758,9.13258],[-79.84739,9.1337],[-79.84659,9.1331],[-79.84519,9.13444],[-79.84588,9.13543],[-79.84413,9.13528],[-79.84388,9.13695],[-79.84685,9.13871],[-79.84551,9.13943],[-79.8433,9.13774],[-79.84243,9.14053],[-79.84346,9.14101],[-79.8427,9.14212],[-79.84364,9.14323]],[[-79.92663,9.24789],[-79.92588,9.248],[-79.92707,9.25463],[-79.92639,9.25621],[-79.92735,9.25882],[-79.92858,9.25767],[-79.92793,9.25592],[-79.92921,9.25673],[-79.92862,9.25283],[-79.92721,9.25237],[-79.92765,9.25161],[-79.9294,9.25261],[-79.93088,9.25143],[-79.92727,9.24974],[-79.92863,9.24965],[-79.92764,9.24675],[-79.92663,9.24789]],[[-79.93881,9.23915],[-79.94055,9.23936],[-79.94029,9.23756],[-79.93659,9.23706],[-79.93673,9.23798],[-79.93373,9.23985],[-79.93361,9.24122],[-79.93539,9.24226],[-79.93467,9.24043],[-79.93634,9.24071],[-79.93578,9.23967],[-79.93699,9.23839],[-79.93798,9.24134],[-79.93887,9.24071],[-79.93881,9.23915]],[[-79.89673,9.23104],[-79.89757,9.2298],[-79.89653,9.22971],[-79.89561,9.22631],[-79.89221,9.22385],[-79.88728,9.23128],[-79.88933,9.23231],[-79.89051,9.22975],[-79.8911,9.23223],[-79.8921,9.23089],[-79.8935,9.23173],[-79.89096,9.22792],[-79.89203,9.22817],[-79.89193,9.22701],[-79.89269,9.22879],[-79.89652,9.23031],[-79.89611,9.23147],[-79.89673,9.23104]],[[-79.89433,9.20862],[-79.89394,9.20983],[-79.8953,9.21069],[-79.89525,9.21211],[-79.89681,9.21169],[-79.89596,9.21321],[-79.89666,9.21393],[-79.89704,9.21231],[-79.89951,9.21156],[-79.89786,9.21179],[-79.89553,9.21046],[-79.89578,9.20881],[-79.89818,9.21033],[-79.89852,9.20825],[-79.89737,9.20938],[-79.89629,9.20833],[-79.89433,9.20862]],[[-79.91641,9.21211],[-79.91714,9.21238],[-79.91717,9.21152],[-79.91565,9.20974],[-79.91359,9.20828],[-79.91145,9.20838],[-79.91222,9.21057],[-79.91641,9.21211]],[[-79.91456,9.21847],[-79.91475,9.22042],[-79.91596,9.22159],[-79.91832,9.2205],[-79.91816,9.21967],[-79.9159,9.21736],[-79.91485,9.21742],[-79.91489,9.21564],[-79.91326,9.21643],[-79.91108,9.21473],[-79.91117,9.21321],[-79.91075,9.214],[-79.90935,9.21347],[-79.91026,9.21463],[-79.90943,9.21539],[-79.9079,9.21429],[-79.90701,9.21467],[-79.90904,9.21588],[-79.90779,9.21611],[-79.90926,9.21776],[-79.91288,9.21836],[-79.91341,9.22001],[-79.91456,9.21847]],[[-79.85991,9.19562],[-79.86009,9.19707],[-79.85835,9.19831],[-79.85719,9.20159],[-79.85915,9.20006],[-79.86039,9.2008],[-79.86137,9.19965],[-79.85991,9.19562]],[[-79.93683,9.1791],[-79.93878,9.17949],[-79.94025,9.18292],[-79.94123,9.18124],[-79.93905,9.17833],[-79.94155,9.17878],[-79.94194,9.178],[-79.94049,9.17786],[-79.94018,9.17694],[-79.94232,9.17672],[-79.9387,9.17597],[-79.93683,9.1791]],[[-79.92778,9.19612],[-79.93025,9.1986],[-79.93325,9.19833],[-79.93308,9.20014],[-79.93376,9.19907],[-79.93472,9.1995],[-79.93497,9.19723],[-79.93345,9.19785],[-79.93365,9.19606],[-79.93124,9.19797],[-79.93057,9.19754],[-79.93141,9.19615],[-79.92962,9.19716],[-79.92883,9.19663],[-79.93186,9.19388],[-79.92979,9.19381],[-79.92778,9.19612]],[[-79.84562,9.22321],[-79.846,9.22103],[-79.84453,9.21987],[-79.84269,9.21554],[-79.84258,9.21976],[-79.84562,9.22321]],[[-79.77877,9.11876],[-79.77822,9.11966],[-79.77659,9.11948],[-79.77879,9.12224],[-79.78038,9.12016],[-79.78027,9.11916],[-79.77928,9.11953],[-79.77877,9.11876]],[[-79.9657,9.04664],[-79.96427,9.05143],[-79.96219,9.05246],[-79.9627,9.05419],[-79.96592,9.05092],[-79.96613,9.05324],[-79.96375,9.0556],[-79.96785,9.05443],[-79.9657,9.04664]],[[-79.79848,9.14894],[-79.79696,9.15251],[-79.79604,9.152],[-79.79548,9.15273],[-79.79593,9.15404],[-79.79833,9.15396],[-79.79791,9.15275],[-79.79882,9.15263],[-79.79939,9.15093],[-79.79848,9.14894]],[[-79.78672,9.12084],[-79.78468,9.12192],[-79.78419,9.12494],[-79.78514,9.1262],[-79.78726,9.12386],[-79.788,9.12573],[-79.79246,9.12629],[-79.79015,9.12849],[-79.79044,9.12964],[-79.78942,9.12949],[-79.78872,9.13223],[-79.7929,9.13364],[-79.79437,9.13268],[-79.79647,9.1333],[-79.79719,9.13044],[-79.79501,9.12769],[-79.7972,9.12929],[-79.79994,9.1292],[-79.80039,9.12521],[-79.79959,9.12479],[-79.79844,9.12596],[-79.79914,9.12512],[-79.79852,9.12383],[-79.79607,9.12247],[-79.79722,9.12182],[-79.7941,9.12025],[-79.78683,9.1198],[-79.78672,9.12084]],[[-79.82821,9.25664],[-79.82602,9.25578],[-79.8269,9.25763],[-79.82539,9.25683],[-79.825,9.25768],[-79.82544,9.25904],[-79.82606,9.2585],[-79.82725,9.26069],[-79.82898,9.26154],[-79.82984,9.25966],[-79.82743,9.25821],[-79.8299,9.25808],[-79.82821,9.25664]],[[-79.83813,9.24263],[-79.83646,9.24429],[-79.83893,9.24729],[-79.84001,9.24388],[-79.83813,9.24263]],[[-79.86493,9.30126],[-79.8681,9.30166],[-79.86737,9.30014],[-79.86531,9.3001],[-79.86614,9.29926],[-79.86501,9.29858],[-79.86626,9.29804],[-79.86718,9.29875],[-79.86728,9.29596],[-79.86377,9.2952],[-79.86271,9.29402],[-79.86288,9.29529],[-79.86523,9.29679],[-79.86157,9.30087],[-79.86358,9.30071],[-79.86426,9.30187],[-79.86493,9.30126]],[[-79.82938,9.32761],[-79.82602,9.33],[-79.82828,9.33209],[-79.82854,9.32989],[-79.82938,9.33143],[-79.8302,9.33033],[-79.83128,9.33112],[-79.83358,9.3285],[-79.83195,9.32893],[-79.83102,9.32734],[-79.83009,9.32843],[-79.82938,9.32761]],[[-79.84224,9.31684],[-79.84307,9.3162],[-79.84423,9.31737],[-79.84566,9.31566],[-79.84526,9.31838],[-79.84677,9.31744],[-79.84799,9.31898],[-79.84895,9.3177],[-79.85232,9.31725],[-79.84993,9.31639],[-79.85232,9.31478],[-79.84938,9.31379],[-79.85139,9.31176],[-79.85318,9.31314],[-79.85544,9.31145],[-79.85435,9.30995],[-79.85654,9.31047],[-79.85724,9.30809],[-79.856,9.30856],[-79.8555,9.30698],[-79.85413,9.30724],[-79.85361,9.30877],[-79.84979,9.31017],[-79.85205,9.30735],[-79.85072,9.30593],[-79.84934,9.30803],[-79.84626,9.30779],[-79.84461,9.31087],[-79.84343,9.30866],[-79.84139,9.31148],[-79.8423,9.31322],[-79.84017,9.31267],[-79.83847,9.31527],[-79.83828,9.31317],[-79.8374,9.31341],[-79.83784,9.31187],[-79.83694,9.31126],[-79.83857,9.30989],[-79.83637,9.30976],[-79.83514,9.31424],[-79.83234,9.31542],[-79.83445,9.31738],[-79.83674,9.31629],[-79.83579,9.32153],[-79.83613,9.3204],[-79.83822,9.32082],[-79.83897,9.31927],[-79.83809,9.31886],[-79.84003,9.31832],[-79.84075,9.31637],[-79.8419,9.31609],[-79.84224,9.31684]],[[-79.8308,9.31746],[-79.83008,9.3187],[-79.82915,9.31774],[-79.83015,9.3197],[-79.82965,9.3206],[-79.83071,9.32143],[-79.82801,9.3241],[-79.82858,9.32171],[-79.82687,9.32096],[-79.82621,9.32487],[-79.82846,9.32456],[-79.82869,9.32552],[-79.83031,9.3258],[-79.82968,9.32407],[-79.83127,9.32415],[-79.83135,9.32546],[-79.8326,9.32623],[-79.83463,9.32396],[-79.83225,9.32436],[-79.8329,9.32307],[-79.83099,9.32262],[-79.83387,9.32167],[-79.83342,9.31894],[-79.83179,9.31908],[-79.83335,9.31734],[-79.8308,9.31746]],[[-79.83857,9.29621],[-79.83691,9.29685],[-79.83468,9.29599],[-79.83686,9.2942],[-79.83637,9.29334],[-79.83412,9.29467],[-79.83439,9.29267],[-79.83359,9.29423],[-79.83275,9.29324],[-79.83284,9.29527],[-79.83182,9.29525],[-79.83228,9.29674],[-79.83106,9.29715],[-79.83196,9.29828],[-79.83522,9.29869],[-79.83624,9.30126],[-79.83758,9.30199],[-79.84069,9.30073],[-79.84302,9.30428],[-79.84627,9.30419],[-79.84352,9.3028],[-79.84282,9.2999],[-79.84474,9.30142],[-79.84568,9.30021],[-79.8472,9.30068],[-79.84889,9.29914],[-79.85049,9.29973],[-79.84833,9.3022],[-79.85047,9.30274],[-79.85175,9.30157],[-79.8524,9.30283],[-79.8551,9.30326],[-79.85439,9.30087],[-79.8565,9.30176],[-79.85775,9.30417],[-79.8589,9.30268],[-79.85629,9.29951],[-79.8585,9.30112],[-79.85976,9.29923],[-79.85884,9.29824],[-79.85695,9.29845],[-79.85632,9.29719],[-79.86087,9.29734],[-79.85787,9.29531],[-79.86008,9.29535],[-79.85865,9.29369],[-79.86054,9.29126],[-79.86001,9.29043],[-79.85765,9.29027],[-79.85693,9.29146],[-79.8568,9.29015],[-79.86005,9.28914],[-79.85984,9.28825],[-79.86108,9.2882],[-79.86198,9.28642],[-79.85861,9.28695],[-79.85802,9.28783],[-79.85736,9.2869],[-79.857,9.28811],[-79.85412,9.28938],[-79.8535,9.29366],[-79.85292,9.29295],[-79.85009,9.29374],[-79.8492,9.29207],[-79.84851,9.29333],[-79.84682,9.29139],[-79.85157,9.29166],[-79.85192,9.29014],[-79.85034,9.28888],[-79.85235,9.28899],[-79.85327,9.2868],[-79.85267,9.28526],[-79.8554,9.28627],[-79.85545,9.28491],[-79.8566,9.28493],[-79.85791,9.28265],[-79.85866,9.28411],[-79.86053,9.28456],[-79.86082,9.28391],[-79.85944,9.28293],[-79.8598,9.28171],[-79.86157,9.28231],[-79.86196,9.27975],[-79.85851,9.27977],[-79.8586,9.2788],[-79.85531,9.27933],[-79.856,9.27859],[-79.85449,9.27794],[-79.8492,9.2798],[-79.84721,9.27879],[-79.84826,9.28139],[-79.84655,9.28265],[-79.84602,9.28532],[-79.84353,9.28384],[-79.84229,9.28374],[-79.84096,9.28524],[-79.83954,9.28445],[-79.84005,9.28528],[-79.83927,9.28614],[-79.8403,9.28811],[-79.83884,9.2891],[-79.84016,9.29001],[-79.83889,9.29215],[-79.84019,9.29339],[-79.83857,9.29621]],[[-79.86659,9.27865],[-79.86582,9.27804],[-79.86401,9.27867],[-79.86373,9.28017],[-79.86421,9.28124],[-79.86505,9.28055],[-79.86503,9.28299],[-79.86561,9.28262],[-79.86605,9.28432],[-79.86656,9.28273],[-79.86733,9.28578],[-79.86884,9.28348],[-79.86805,9.28338],[-79.86827,9.28211],[-79.86663,9.2814],[-79.86659,9.27865]],[[-79.90769,9.23199],[-79.90854,9.22959],[-79.91227,9.22808],[-79.91331,9.22829],[-79.91272,9.22933],[-79.91405,9.23027],[-79.91417,9.2319],[-79.91527,9.23215],[-79.91406,9.23269],[-79.91298,9.2309],[-79.91278,9.23329],[-79.91219,9.23204],[-79.9116,9.23296],[-79.91028,9.23204],[-79.91087,9.23395],[-79.90813,9.23455],[-79.9077,9.23362],[-79.90865,9.23302],[-79.90769,9.23199]],[[-79.91322,9.23675],[-79.9115,9.23513],[-79.90836,9.23553],[-79.90855,9.23764],[-79.91146,9.23923],[-79.91243,9.23748],[-79.91367,9.23804],[-79.91322,9.23675]],[[-79.90233,9.23298],[-79.90024,9.23488],[-79.89828,9.23516],[-79.89738,9.23889],[-79.89619,9.23965],[-79.89668,9.24072],[-79.89877,9.24078],[-79.89902,9.23831],[-79.90055,9.23825],[-79.9011,9.23695],[-79.90209,9.2381],[-79.90288,9.23665],[-79.90263,9.23827],[-79.90087,9.23909],[-79.90176,9.24027],[-79.90101,9.2416],[-79.9025,9.24396],[-79.90411,9.24311],[-79.90196,9.24166],[-79.90413,9.2418],[-79.90384,9.24025],[-79.90498,9.24127],[-79.90583,9.24088],[-79.90457,9.23796],[-79.90662,9.23878],[-79.90727,9.23748],[-79.90642,9.23525],[-79.90515,9.2351],[-79.90604,9.23337],[-79.90692,9.23415],[-79.90647,9.23156],[-79.90233,9.23298]]],[[[-79.78537,9.16203],[-79.7868,9.16263],[-79.78936,9.16926],[-79.79604,9.17348],[-79.79364,9.17414],[-79.79293,9.17588],[-79.79154,9.17575],[-79.79467,9.17617],[-79.79547,9.17513],[-79.79415,9.17708],[-79.79706,9.17922],[-79.79791,9.17764],[-79.79755,9.17479],[-79.80411,9.18275],[-79.80555,9.18674],[-79.80318,9.18681],[-79.80353,9.18554],[-79.80461,9.18525],[-79.8033,9.18514],[-79.80345,9.18437],[-79.80224,9.1858],[-79.80061,9.18586],[-79.79999,9.18443],[-79.79833,9.18476],[-79.80014,9.18349],[-79.80025,9.1824],[-79.79812,9.18129],[-79.79661,9.18289],[-79.79562,9.18034],[-79.79396,9.18352],[-79.79517,9.18135],[-79.79418,9.18057],[-79.79491,9.18014],[-79.7945,9.17929],[-79.79293,9.18111],[-79.79174,9.17992],[-79.79087,9.18048],[-79.79171,9.18245],[-79.79042,9.18093],[-79.78967,9.18255],[-79.78774,9.18334],[-79.78853,9.18223],[-79.78727,9.1825],[-79.78652,9.18359],[-79.7867,9.18213],[-79.78927,9.18071],[-79.78817,9.18073],[-79.7883,9.17961],[-79.78701,9.17895],[-79.78771,9.17825],[-79.78867,9.17888],[-79.79029,9.17731],[-79.78684,9.17832],[-79.78508,9.17617],[-79.78664,9.17715],[-79.78992,9.17556],[-79.79103,9.17586],[-79.79116,9.1749],[-79.79106,9.17423],[-79.78953,9.17529],[-79.78755,9.17474],[-79.7896,9.17313],[-79.7856,9.1735],[-79.78459,9.17447],[-79.78254,9.1735],[-79.78428,9.17281],[-79.78547,9.17362],[-79.78569,9.17133],[-79.78645,9.1723],[-79.78537,9.16203]]]]}}]}